N_seeds,W,alpha,mean_val_r2,std_val_r2,mean_val_corr,mean_val_var_ratio,mean_n_features,mean_max_lag,n_folds_used,gap_used,trim_val_start_by,y_transform,pc_transform
30,2,50.0,-0.3978017132935122,0.18622016765197935,0.28358925960358033,0.5812192006875,67.5,19.5,2,0,none,none,none
30,2,30.0,-0.41553686183100524,0.16982276918734873,0.26680366009488965,0.5889136728191268,67.5,19.5,2,0,none,none,none
30,2,100.0,-0.42307762545550087,0.18861221753750046,0.3091166869595532,0.5688436583221237,67.5,19.5,2,0,none,none,none
20,2,20.0,-0.4379131444379697,0.06985837623536695,0.27811424808531354,0.5715685065363572,46.0,19.5,2,0,none,none,none
20,2,30.0,-0.4531236966737219,0.1082470931516516,0.2856766882979118,0.582399971495901,46.0,19.5,2,0,none,none,none
30,2,20.0,-0.4551298881773125,0.15274613288810834,0.2537963729901641,0.594804953424374,67.5,19.5,2,0,none,none,none
20,1,20.0,-0.468599954779797,0.0699124835126208,0.2995237448832015,0.5483189754793358,33.5,19.0,2,0,none,none,none
20,1,10.0,-0.4796574309604874,0.05194906115741238,0.2918025404896224,0.5263597759646295,33.5,19.0,2,0,none,none,none
30,1,50.0,-0.4948574847971342,0.1960265932436175,0.2727981064882193,0.6059277622722109,50.0,19.0,2,0,none,none,none
20,1,30.0,-0.5021861692436481,0.09054634853431909,0.30281899691963843,0.5568525052634803,33.5,19.0,2,0,none,none,none
30,1,100.0,-0.5022106053468071,0.18546767837611433,0.2923187339340435,0.5787796368283608,50.0,19.0,2,0,none,none,none
20,2,50.0,-0.5035709052070892,0.1478013931278851,0.2939438114206911,0.5905274681636121,46.0,19.5,2,0,none,none,none
20,2,10.0,-0.5117621316743903,0.03207681250822603,0.2597264572411991,0.5501485322471283,46.0,19.5,2,0,none,none,none
15,1,50.0,-0.5136811190690443,0.05904880891011188,0.23786081146347904,0.5560995582691132,27.0,13.5,2,0,none,none,none
15,1,30.0,-0.5146940366676888,0.033262322826102975,0.24057091078121856,0.5682124059897636,27.0,13.5,2,0,none,none,none
30,1,30.0,-0.5292314589624766,0.19052546032311846,0.2643937130401248,0.6283170759149179,50.0,19.0,2,0,none,none,none
30,0,50.0,-0.5308100588076724,0.024677694034135,0.3224192981766021,0.5502958835130604,30.0,18.5,2,0,none,none,none
15,1,100.0,-0.5360294431905149,0.10692647405549949,0.23964099451677706,0.534048056904365,27.0,13.5,2,0,none,none,none
15,1,20.0,-0.5386467692378348,0.008030351557382631,0.24314789938266235,0.5749846182913655,27.0,13.5,2,0,none,none,none
15,2,100.0,-0.54261807914787,0.09681145966345583,0.24703284404793519,0.5970539836681186,37.5,14.0,2,0,none,none,none
30,0,30.0,-0.5477074710546688,0.030450086252973296,0.30638354134469126,0.5639793457989319,30.0,18.5,2,0,none,none,none
15,2,50.0,-0.5541513969828487,0.19087471176558712,0.2494715101359069,0.6313313885944195,37.5,14.0,2,0,none,none,none
30,0,100.0,-0.5596542912977742,0.06881738306478136,0.34437064423165364,0.5403165412926522,30.0,18.5,2,0,none,none,none
15,0,100.0,-0.5604276228843,0.2753012721708511,0.26543476171576696,0.4990295791716356,15.0,13.0,2,0,none,none,none
30,2,10.0,-0.5620990804620342,0.1044499829958424,0.22604741152029362,0.6063496616994462,67.5,19.5,2,0,none,none,none
20,1,50.0,-0.5660511268399578,0.1075328155775016,0.30631360688568643,0.5622014349459841,33.5,19.0,2,0,none,none,none
15,0,50.0,-0.5737767410288979,0.2022220042119549,0.2659771323828613,0.5179298807967644,15.0,13.0,2,0,none,none,none
30,1,20.0,-0.5935638599510024,0.19298698063904307,0.26031064848187757,0.6505715453380037,50.0,19.0,2,0,none,none,none
20,2,100.0,-0.5952830247878261,0.17088886193272745,0.30586526208732967,0.5903723054457599,46.0,19.5,2,0,none,none,none
30,0,20.0,-0.5973488002563737,0.07824718556286447,0.2970336415125897,0.5808058160604899,30.0,18.5,2,0,none,none,none
15,2,30.0,-0.6120121502838708,0.2691979793623823,0.25318646919221166,0.6499702024549306,37.5,14.0,2,0,none,none,none
15,0,30.0,-0.6162897547132266,0.14824584806894225,0.26641005250525807,0.5316548525986272,15.0,13.0,2,0,none,none,none
20,0,20.0,-0.6568764219212974,0.10589625528367741,0.32794110236450635,0.4787021401675242,20.0,18.5,2,0,none,none,none
20,1,100.0,-0.6685021022066728,0.10791567184840112,0.31074231363108296,0.5618369454204033,33.5,19.0,2,0,none,none,none
15,1,10.0,-0.6707393478849009,0.09808817472178122,0.24437430209892963,0.5828066033377299,27.0,13.5,2,0,none,none,none
20,0,30.0,-0.6739747574687073,0.07636321573226501,0.33442420309612314,0.49190482128070234,20.0,18.5,2,0,none,none,none
15,0,20.0,-0.6762202479679996,0.10085858525665603,0.2673609931345531,0.5401089972523072,15.0,13.0,2,0,none,none,none
20,0,10.0,-0.6947933380114212,0.12964317270044623,0.31783067967739476,0.46219354273739327,20.0,18.5,2,0,none,none,none
15,2,20.0,-0.7118843823721458,0.3589720114253546,0.2544481543520714,0.6602174906538076,37.5,14.0,2,0,none,none,none
20,0,50.0,-0.7226271941389455,0.04078238748423768,0.33749543530225945,0.5097456752907239,20.0,18.5,2,0,none,none,none
30,2,1.0,-0.759026867911682,0.3809206446818806,0.0947466875063589,0.671783828582601,67.5,19.5,2,0,none,none,none
3,1,0.01,-0.7732923635419238,0.5525055929951277,0.09166104851988505,0.5005076295524103,8.0,3.5,2,0,none,none,none
3,1,0.1,-0.7744098655182268,0.5510784717059534,0.09151300629836946,0.49959171157837867,8.0,3.5,2,0,none,none,none
3,1,1.0,-0.7841973018286124,0.5383578911330853,0.09005993674517415,0.49172338251355474,8.0,3.5,2,0,none,none,none
30,0,10.0,-0.7933726268316522,0.10931234413570834,0.2875498318323563,0.6278531379394185,30.0,18.5,2,0,none,none,none
20,0,100.0,-0.8142049400426088,0.008308184843251576,0.3292197129882827,0.5322603117696185,20.0,18.5,2,0,none,none,none
2,1,0.01,-0.8166715785860522,0.5775491694396605,0.08938872700728084,0.5022028639846192,6.0,3.5,2,0,none,none,none
2,1,0.1,-0.8192967514892585,0.5755621677293575,0.08876596111478918,0.5015550409603935,6.0,3.5,2,0,none,none,none
30,1,10.0,-0.8231779160359164,0.26776584299278905,0.25182171809946075,0.7114410374596849,50.0,19.0,2,0,none,none,none
3,1,10.0,-0.8264564756310809,0.4770978742943536,0.08137709155771806,0.4580718603928884,8.0,3.5,2,0,none,none,none
2,1,1.0,-0.8418763547664003,0.5587088148348447,0.08321256190366533,0.49609340099084254,6.0,3.5,2,0,none,none,none
10,0,100.0,-0.8447312772491994,0.28991367981263505,0.18316113930596306,0.5320616936115236,10.0,12.5,2,0,none,none,none
3,1,20.0,-0.8447399147599399,0.44862590760844023,0.07734260364428,0.44462521855280446,8.0,3.5,2,0,none,none,none
15,0,10.0,-0.8511247323067872,0.020188662594614604,0.27012027591580107,0.5474462027137033,15.0,13.0,2,0,none,none,none
3,1,30.0,-0.8553727553528101,0.4322989121370626,0.07530188425654241,0.43763581177095867,8.0,3.5,2,0,none,none,none
3,0,100.0,-0.8661836831257825,0.36326336903391176,0.12180070969789766,0.4510798142431984,3.0,2.5,2,0,none,none,none
3,1,50.0,-0.8676083784323616,0.41389966815435164,0.07343177110035809,0.43042880988657767,8.0,3.5,2,0,none,none,none
3,2,10.0,-0.8703338396796264,0.6390051700291991,0.03267121454552034,0.44067749793293787,12.0,4.5,2,0,none,none,none
5,2,10.0,-0.8785217091427311,0.6308173005660944,0.03728329266225554,0.4406991429033149,13.0,4.5,2,0,none,none,none
3,1,100.0,-0.8806018840489124,0.39468204457469314,0.07221729961889259,0.4237071423588965,8.0,3.5,2,0,none,none,none
3,2,1.0,-0.8842034838978217,0.6546670607910361,-0.00875554222119472,0.4827278595727689,12.0,4.5,2,0,none,none,none
2,2,1.0,-0.889741113170347,0.5458564082879314,0.0351521982119974,0.5142703601222682,9.0,4.5,2,0,none,none,none
3,0,50.0,-0.8929507752228197,0.3938994985267671,0.11519549756698771,0.45196083900249917,3.0,2.5,2,0,none,none,none
5,0,100.0,-0.8951770850549885,0.4841622137676198,0.03628518405022571,0.4247474478458656,5.0,2.5,2,0,none,none,none
3,2,20.0,-0.8958646607304909,0.6007175629971776,0.04162721287103431,0.42392425027346237,12.0,4.5,2,0,none,none,none
2,2,0.1,-0.8959847319196482,0.5448876327568276,0.030996665161612286,0.5235899725068955,9.0,4.5,2,0,none,none,none
2,2,0.01,-0.8970804402058983,0.5446006194769923,0.03042040689199564,0.5247082335584035,9.0,4.5,2,0,none,none,none
5,2,20.0,-0.9013106702687532,0.5952715534589152,0.04725387209420641,0.4249968045032263,13.0,4.5,2,0,none,none,none
5,2,1.0,-0.9036295817200548,0.635240962968803,-0.017705215466451665,0.4779308574692219,13.0,4.5,2,0,none,none,none
3,2,0.1,-0.9061119768069107,0.6402378407443193,-0.023801488549887853,0.4933967548829745,12.0,4.5,2,0,none,none,none
3,2,0.01,-0.9094348837650018,0.6378169860578161,-0.02580269024845458,0.49472969998963734,12.0,4.5,2,0,none,none,none
3,0,30.0,-0.9159875381359937,0.4209965930540831,0.10972506930167172,0.4528176139132035,3.0,2.5,2,0,none,none,none
3,2,30.0,-0.917352923562492,0.5710795862378819,0.045025523728359135,0.4153731694792469,12.0,4.5,2,0,none,none,none
10,0,50.0,-0.9177079048274324,0.31192183168532295,0.18023170232155758,0.5472840284668341,10.0,12.5,2,0,none,none,none
5,2,30.0,-0.9203149331545337,0.5681175766458402,0.05080968388690535,0.41644691281253743,13.0,4.5,2,0,none,none,none
2,2,10.0,-0.9204844434075095,0.521262753842139,0.041114793050335635,0.4775428298776866,9.0,4.5,2,0,none,none,none
5,1,1.0,-0.9309289248366059,0.6110775067291792,0.03688877834034805,0.48483088823276815,9.5,3.5,2,0,none,none,none
5,1,0.1,-0.9318133100105336,0.6216291433311271,0.03301138624066008,0.4930988314099546,9.5,3.5,2,0,none,none,none
5,1,0.01,-0.932160841623381,0.6227565793823387,0.03245600586329868,0.4940929721350884,9.5,3.5,2,0,none,none,none
3,0,20.0,-0.9341860881563808,0.44306575308589036,0.10553540262999458,0.4535602778015214,3.0,2.5,2,0,none,none,none
2,1,10.0,-0.9349900277320903,0.4954279730105827,0.0576912284666895,0.47586987440354267,6.0,3.5,2,0,none,none,none
5,2,0.1,-0.943368360061953,0.602981457489277,-0.04554374395844522,0.4914370507916336,13.0,4.5,2,0,none,none,none
5,2,50.0,-0.9451288163479162,0.5316385004105678,0.0540631684345044,0.4073300772858809,13.0,4.5,2,0,none,none,none
5,0,50.0,-0.9456652248684455,0.5217719769788515,0.028616519214811696,0.4258185312233915,5.0,2.5,2,0,none,none,none
3,2,50.0,-0.9459121874053444,0.5308551293531396,0.04850532163805808,0.40677383549022583,12.0,4.5,2,0,none,none,none
5,1,10.0,-0.9465650298497607,0.5623075590593255,0.04159242227394103,0.45136237826055775,9.5,3.5,2,0,none,none,none
5,2,0.01,-0.9504352280288083,0.5968166417940096,-0.04980943409460536,0.49362075012298967,13.0,4.5,2,0,none,none,none
5,1,20.0,-0.9567190150368206,0.5419455132621904,0.03970695885509745,0.43792191868136665,9.5,3.5,2,0,none,none,none
3,0,10.0,-0.9608096672048625,0.47691619329534496,0.09959750312191742,0.454760965706023,3.0,2.5,2,0,none,none,none
10,1,100.0,-0.9616610280364647,0.1415604988733289,0.2183419383823494,0.5837261747049631,16.5,13.0,2,0,none,none,none
5,1,30.0,-0.9626731145543543,0.5304502327015876,0.038222120328798265,0.43078500336992936,9.5,3.5,2,0,none,none,none
2,2,20.0,-0.9645027852807693,0.49383300411604125,0.037969655649724224,0.4644444005184317,9.0,4.5,2,0,none,none,none
5,1,50.0,-0.9690238537709622,0.5172287788840554,0.03657950422961111,0.42323742702049016,9.5,3.5,2,0,none,none,none
5,2,100.0,-0.9717974542263424,0.48607990995346817,0.05854895099175955,0.39835977591152233,13.0,4.5,2,0,none,none,none
2,1,20.0,-0.9739897068499624,0.4731227382914588,0.047206454116928656,0.46911682171822683,6.0,3.5,2,0,none,none,none
5,1,100.0,-0.9742253761259848,0.5024106316808153,0.03535686210494921,0.4159063450091526,9.5,3.5,2,0,none,none,none
30,2,0.1,-0.9775396892782745,0.24619063071982883,0.0859820693699212,0.8486528248183836,67.5,19.5,2,0,none,none,none
3,2,100.0,-0.9777113755669683,0.4801659886128423,0.053929763814119375,0.3989751125053569,12.0,4.5,2,0,none,none,none
10,0,30.0,-0.9844298950173993,0.3419815338317247,0.17627450145708995,0.5612349252126484,10.0,12.5,2,0,none,none,none
5,0,30.0,-0.9897002251986812,0.5531736791368757,0.022308776045323303,0.42683299236843253,5.0,2.5,2,0,none,none,none
3,0,1.0,-0.9967619307700891,0.5281887203497516,0.09186475215890574,0.45666155142383247,3.0,2.5,2,0,none,none,none
2,1,30.0,-0.9968545251578428,0.46173410523732594,0.04157866404135708,0.46582898107748216,6.0,3.5,2,0,none,none,none
2,2,30.0,-0.9982706388350011,0.4741378269527927,0.034939342239817636,0.4580940152485704,9.0,4.5,2,0,none,none,none
3,0,0.1,-1.001148166316161,0.5352672071478223,0.0909339106389557,0.45692524314092386,3.0,2.5,2,0,none,none,none
3,0,0.01,-1.0015941135963093,0.5360029606214451,0.09083927682703331,0.4569525932936482,3.0,2.5,2,0,none,none,none
1,1,0.01,-1.0080055569503688,0.5232620979052541,0.13698474859877904,0.525380831516707,3.0,3.0,2,0,none,none,none
1,1,0.1,-1.010277087691365,0.5255587963770514,0.13650310481919897,0.5251029584043823,3.0,3.0,2,0,none,none,none
1,2,0.01,-1.01842700840568,0.6266164213670045,0.16287181262500702,0.5241092755152019,4.5,4.0,2,0,none,none,none
1,2,0.1,-1.0214375471268085,0.6297992576155339,0.16174509426728267,0.5237668920303651,4.5,4.0,2,0,none,none,none
2,1,50.0,-1.023864691586836,0.45017999032911493,0.035532400137952114,0.46260248761249767,6.0,3.5,2,0,none,none,none
5,0,20.0,-1.0254537272193476,0.5774994683708763,0.017345880807946648,0.42772002218010974,5.0,2.5,2,0,none,none,none
1,1,1.0,-1.027940055126893,0.5434538465267417,0.13239681774229978,0.5227201519061083,3.0,3.0,2,0,none,none,none
10,2,100.0,-1.0351634180092983,0.03351733636957088,0.21805572727395023,0.6186556241549158,23.0,13.5,2,0,none,none,none
10,0,20.0,-1.0403552588431526,0.37428717870132344,0.17200505207487748,0.5732491370147944,10.0,12.5,2,0,none,none,none
1,2,1.0,-1.0410240869382452,0.6508647320485196,0.1536524347660776,0.5206877721098436,4.5,4.0,2,0,none,none,none
2,2,50.0,-1.044025086037481,0.4492575105616743,0.030840768889260538,0.4519575346186808,9.0,4.5,2,0,none,none,none
2,1,100.0,-1.0540756675651795,0.43990222206356866,0.029539216331822805,0.4597832406274119,6.0,3.5,2,0,none,none,none
1,2,10.0,-1.069248729866266,0.6853147067464979,0.13944897987890967,0.5068155158855091,4.5,4.0,2,0,none,none,none
1,2,20.0,-1.0727794144646774,0.6917463530796502,0.1388997447454316,0.5016431790852997,4.5,4.0,2,0,none,none,none
1,2,30.0,-1.0742114156496716,0.6950124405851431,0.13923875633252347,0.49908717748660036,4.5,4.0,2,0,none,none,none
15,2,10.0,-1.0748466919117934,0.6564454966962419,0.24815983168451572,0.6689951042427726,37.5,14.0,2,0,none,none,none
1,1,10.0,-1.0749392636887163,0.5917764547248034,0.1160242641251177,0.5137543560771538,3.0,3.0,2,0,none,none,none
1,2,50.0,-1.0755899925924346,0.6986204091047259,0.1399297045918272,0.4965376999611228,4.5,4.0,2,0,none,none,none
1,2,100.0,-1.0769329280012596,0.7023804985572428,0.14082169667872338,0.49422661409637686,4.5,4.0,2,0,none,none,none
5,0,10.0,-1.0809530226160995,0.6125920016917197,0.009683526920672841,0.42929058021804756,5.0,2.5,2,0,none,none,none
1,1,20.0,-1.0855156686024983,0.6030320691219431,0.11004255224657708,0.510934566350636,3.0,3.0,2,0,none,none,none
1,1,30.0,-1.0898345909355502,0.6077466885941825,0.1069750795461193,0.5095857187536628,3.0,3.0,2,0,none,none,none
1,1,50.0,-1.093508744797891,0.611869820182674,0.10378722669293655,0.5082393610700434,3.0,3.0,2,0,none,none,none
10,1,50.0,-1.0937728686696961,0.16898828657520293,0.193046006467771,0.6274020420737404,16.5,13.0,2,0,none,none,none
1,1,100.0,-1.0961997311081926,0.6150303195918537,0.10073873725821607,0.5069910371065292,3.0,3.0,2,0,none,none,none
2,2,100.0,-1.1005807283361224,0.4215072807707668,0.026442503942674965,0.4466978486521876,9.0,4.5,2,0,none,none,none
1,0,30.0,-1.1094464602286906,0.4409936715571725,0.12572676491014023,0.5420675336522257,1.0,2.0,2,0,none,none,none
1,0,100.0,-1.109446460228713,0.44099367155714597,0.12572676491013812,0.5420675336522268,1.0,2.0,2,0,none,none,none
1,0,1.0,-1.1094464602287148,0.44099367155718333,0.125726764910139,0.5420675336522259,1.0,2.0,2,0,none,none,none
1,0,0.1,-1.1094464602287397,0.4409936715572191,0.12572676491013837,0.5420675336522266,1.0,2.0,2,0,none,none,none
1,0,50.0,-1.1094464602287522,0.4409936715572481,0.1257267649101409,0.5420675336522253,1.0,2.0,2,0,none,none,none
1,0,0.01,-1.1094464602287655,0.44099367155724367,0.1257267649101384,0.5420675336522257,1.0,2.0,2,0,none,none,none
1,0,20.0,-1.109446460228777,0.4409936715571684,0.12572676491013923,0.5420675336522235,1.0,2.0,2,0,none,none,none
1,0,10.0,-1.1094464602287857,0.4409936715571978,0.12572676491013837,0.5420675336522254,1.0,2.0,2,0,none,none,none
10,0,10.0,-1.1305936500929752,0.4376152711608733,0.16323900756610185,0.5936575872844095,10.0,12.5,2,0,none,none,none
10,2,50.0,-1.1527698183561257,0.03439851844806041,0.17771036896610495,0.6732764504228282,23.0,13.5,2,0,none,none,none
5,0,1.0,-1.1725107197370326,0.659166799050844,-0.003920048555658251,0.43377486404229637,5.0,2.5,2,0,none,none,none
2,0,0.01,-1.1856264965526615,0.5570784076194732,0.05444464372841301,0.49870895346105315,2.0,2.5,2,0,none,none,none
2,0,0.1,-1.185709000130557,0.557114433370583,0.0544330686188847,0.4987125605630716,2.0,2.5,2,0,none,none,none
2,0,1.0,-1.1864940129496013,0.557467632082685,0.05432283157458675,0.49874664715244665,2.0,2.5,2,0,none,none,none
5,0,0.1,-1.1871773472568496,0.6644216919244404,-0.006319035280794874,0.4351596422747929,5.0,2.5,2,0,none,none,none
5,0,0.01,-1.18876129840182,0.6649335865256621,-0.006582791943320704,0.43533217020617176,5.0,2.5,2,0,none,none,none
2,0,10.0,-1.1917522548405375,0.5602697778051515,0.05358060183694416,0.4989651803620788,2.0,2.5,2,0,none,none,none
2,0,20.0,-1.1948710308498984,0.5622327868009587,0.0531382304489309,0.4990880994738325,2.0,2.5,2,0,none,none,none
2,0,30.0,-1.1967783199974642,0.5635223987013721,0.05286727916312302,0.4991613137096905,2.0,2.5,2,0,none,none,none
2,0,50.0,-1.1990011419569542,0.5650985219781305,0.05255130768406377,0.49924505331476676,2.0,2.5,2,0,none,none,none
2,0,100.0,-1.2013748173794498,0.5668573474823823,0.052213847473251446,0.4993328546231131,2.0,2.5,2,0,none,none,none
10,1,30.0,-1.2081518405021705,0.19586617452056876,0.17244968790240484,0.6640280310244506,16.5,13.0,2,0,none,none,none
30,2,0.01,-1.218055476318114,0.015259784875889526,0.09624152695060967,0.9341610657216232,67.5,19.5,2,0,none,none,none
10,2,30.0,-1.2408573142996908,0.03440468187735757,0.15010516455095002,0.7158695644778154,23.0,13.5,2,0,none,none,none
10,1,20.0,-1.3030171805728918,0.2173896792747705,0.15613971112504552,0.6930459982639878,16.5,13.0,2,0,none,none,none
10,2,20.0,-1.3109099245089404,0.03827961244000622,0.13194057180896018,0.7482043250777294,23.0,13.5,2,0,none,none,none
10,0,1.0,-1.31985392575993,0.5414411158113543,0.1335723028309029,0.6392603509684858,10.0,12.5,2,0,none,none,none
10,0,0.1,-1.3745220576220718,0.5393517206470987,0.12173941142630182,0.6519475367326943,10.0,12.5,2,0,none,none,none
10,0,0.01,-1.3818093301262526,0.5379190528154473,0.12009884799020186,0.6535963859053935,10.0,12.5,2,0,none,none,none
10,2,10.0,-1.4361485640206617,0.06680715327788866,0.11043079728443282,0.796509620357005,23.0,13.5,2,0,none,none,none
10,1,10.0,-1.4583840255363953,0.242454953482389,0.13079840998617062,0.7375030695961939,16.5,13.0,2,0,none,none,none
20,0,1.0,-1.714418465938739,0.6719857722469436,0.2921083322694367,0.5313276337281936,20.0,18.5,2,0,none,none,none
20,1,1.0,-1.800441988470419,1.0626946275859712,0.1855859519339394,0.553657557998406,33.5,19.0,2,0,none,none,none
10,1,1.0,-1.8257385190629922,0.1419193626192905,0.07331198363573176,0.830289834611362,16.5,13.0,2,0,none,none,none
10,1,0.1,-1.9753702228362504,0.027246075610573905,0.051289780240369134,0.8633829764823596,16.5,13.0,2,0,none,none,none
10,1,0.01,-1.9992021483910132,0.007032770285093193,0.047838825782035285,0.8683067360003704,16.5,13.0,2,0,none,none,none
10,2,1.0,-2.055947567552772,0.5367501193247981,0.09822270604376414,0.8756568758497772,23.0,13.5,2,0,none,none,none
15,0,1.0,-2.1902180135297993,1.175624094351441,0.2584554083153802,0.5762883742471295,15.0,13.0,2,0,none,none,none
15,1,1.0,-2.6505592466952055,1.9889061608175118,0.18436327517601453,0.6499263331778182,27.0,13.5,2,0,none,none,none
20,0,0.1,-2.7230206530197556,1.6327189629474337,0.2636442340064311,0.6235001296172642,20.0,18.5,2,0,none,none,none
20,0,0.01,-2.9049080707594004,1.8090282914637554,0.2593527565956718,0.6390651926588364,20.0,18.5,2,0,none,none,none
10,2,0.1,-2.9179791612615826,1.3716369577758367,0.09521351060935951,0.9067234079777123,23.0,13.5,2,0,none,none,none
15,0,0.1,-2.9801600935105865,1.9191759265075248,0.242565175303228,0.6115948035372503,15.0,13.0,2,0,none,none,none
15,0,0.01,-3.096642452488375,2.030091659977459,0.2402745532228479,0.6173140685856836,15.0,13.0,2,0,none,none,none
10,2,0.01,-3.2494356301208764,1.699888085217976,0.08874236397937527,0.924625192424945,23.0,13.5,2,0,none,none,none
20,2,1.0,-3.480424006875942,2.295150036332898,0.07060512864374596,0.6844678023314958,46.0,19.5,2,0,none,none,none
30,1,1.0,-3.757863463426467,2.7113538249118583,0.19174545402340692,1.2518472731244192,50.0,19.0,2,0,none,none,none
30,0,1.0,-3.9711270657050592,2.510625356498027,0.23644121569895032,1.0122658535072189,30.0,18.5,2,0,none,none,none
15,1,0.1,-4.202940002793036,3.5123396132614926,0.1327410437491737,0.7281711892769345,27.0,13.5,2,0,none,none,none
15,1,0.01,-4.449165301350418,3.7529891193300804,0.12487908508934947,0.7424686613141737,27.0,13.5,2,0,none,none,none
20,1,0.1,-4.591158706511818,3.6393344337204123,0.10300268211806086,0.7781763320835442,33.5,19.0,2,0,none,none,none
15,2,1.0,-6.011399228158767,5.2240003497158,0.1118852912228693,0.7338403427548044,37.5,14.0,2,0,none,none,none
20,1,0.01,-6.245059725548077,5.25133174812616,0.09189617765572586,0.8775215850690665,33.5,19.0,2,0,none,none,none
30,1,0.1,-11.027758139209986,9.786955083641717,0.14601603453951784,1.793041355047366,50.0,19.0,2,0,none,none,none
30,0,0.1,-12.001336221071446,10.46609830716527,0.19128338916920123,1.6092433113158422,30.0,18.5,2,0,none,none,none
30,0,0.01,-15.444124774222226,13.902911040374663,0.18214483253836544,1.8237314417582584,30.0,18.5,2,0,none,none,none
15,2,0.1,-16.643662304376868,15.63541204932781,-0.03376133320807941,1.1076096133986124,37.5,14.0,2,0,none,none,none
20,2,0.1,-22.371636709723596,20.831252494873596,-0.04518995278590803,1.437082189119787,46.0,19.5,2,0,none,none,none
15,2,0.01,-24.438606384910862,23.38684094381329,-0.08504992420359306,1.3333313076218591,37.5,14.0,2,0,none,none,none
30,1,0.01,-29.920753023043673,28.606816411764484,0.07814766254993705,2.4060395435071547,50.0,19.0,2,0,none,none,none
20,2,0.01,-40.59413660638585,38.987976529330915,-0.09064249410313688,2.022931811589184,46.0,19.5,2,0,none,none,none
