model,target,var,lon,mode,lag,corr,abs_corr
IPSL-CM6A-LR,AMOC_45N_ensmean,thetao,W30p0,9,16,-0.693009696886527,0.693009696886527
IPSL-CM6A-LR,AMOC_45N_ensmean,thetao,W30p0,9,15,-0.6779366068437775,0.6779366068437775
IPSL-CM6A-LR,AMOC_45N_ensmean,thetao,W30p0,9,17,-0.6741324486330246,0.6741324486330246
IPSL-CM6A-LR,AMOC_45N_ensmean,thetao,W30p0,9,12,-0.6663948487223953,0.6663948487223953
IPSL-CM6A-LR,AMOC_45N_ensmean,thetao,W40p0,8,18,-0.6657003947379847,0.6657003947379847
IPSL-CM6A-LR,AMOC_45N_ensmean,thetao,W30p0,9,11,-0.6642544840078612,0.6642544840078612
IPSL-CM6A-LR,AMOC_45N_ensmean,thetao,W60p0,10,6,-0.66238490430279,0.66238490430279
IPSL-CM6A-LR,AMOC_45N_ensmean,thetao,W30p0,9,13,-0.6615513296695559,0.6615513296695559
IPSL-CM6A-LR,AMOC_45N_ensmean,thetao,W60p0,10,7,-0.6590477030311249,0.6590477030311249
IPSL-CM6A-LR,AMOC_45N_ensmean,so,W60p0,1,8,0.6587678090863441,0.6587678090863441
IPSL-CM6A-LR,AMOC_45N_ensmean,thetao,W60p0,2,0,-0.6544448523776394,0.6544448523776394
IPSL-CM6A-LR,AMOC_45N_ensmean,so,W60p0,1,9,0.6536295818812016,0.6536295818812016
IPSL-CM6A-LR,AMOC_45N_ensmean,thetao,W60p0,10,15,-0.6535533998120798,0.6535533998120798
IPSL-CM6A-LR,AMOC_45N_ensmean,thetao,W60p0,10,8,-0.6522801330976147,0.6522801330976147
IPSL-CM6A-LR,AMOC_45N_ensmean,thetao,W30p0,9,14,-0.651801816859811,0.651801816859811
IPSL-CM6A-LR,AMOC_45N_ensmean,so,W60p0,1,10,0.6493610779436513,0.6493610779436513
IPSL-CM6A-LR,AMOC_45N_ensmean,thetao,W10p0,9,1,-0.6490692536254554,0.6490692536254554
IPSL-CM6A-LR,AMOC_45N_ensmean,thetao,W40p0,8,17,-0.6477386814908308,0.6477386814908308
IPSL-CM6A-LR,AMOC_45N_ensmean,thetao,W10p0,9,2,-0.6418971979193385,0.6418971979193385
IPSL-CM6A-LR,AMOC_45N_ensmean,thetao,W10p0,9,0,-0.64138530271297,0.64138530271297
IPSL-CM6A-LR,AMOC_45N_ensmean,thetao,W30p0,9,10,-0.6388470545196272,0.6388470545196272
IPSL-CM6A-LR,AMOC_45N_ensmean,thetao,W40p0,8,16,-0.6388447090792655,0.6388447090792655
IPSL-CM6A-LR,AMOC_45N_ensmean,thetao,W40p0,8,15,-0.6383999372467595,0.6383999372467595
IPSL-CM6A-LR,AMOC_45N_ensmean,so,W60p0,1,11,0.6377529456538964,0.6377529456538964
IPSL-CM6A-LR,AMOC_45N_ensmean,thetao,W30p0,9,5,-0.6356961249538039,0.6356961249538039
IPSL-CM6A-LR,AMOC_45N_ensmean,thetao,W40p0,8,19,-0.6352999377374596,0.6352999377374596
IPSL-CM6A-LR,AMOC_45N_ensmean,thetao,W30p0,9,9,-0.6346269889407192,0.6346269889407192
IPSL-CM6A-LR,AMOC_45N_ensmean,thetao,W40p0,8,21,-0.6330770469857607,0.6330770469857607
IPSL-CM6A-LR,AMOC_45N_ensmean,thetao,W20p0,5,16,0.6315452340981529,0.6315452340981529
IPSL-CM6A-LR,AMOC_45N_ensmean,thetao,W30p0,9,8,-0.6300103584779545,0.6300103584779545
IPSL-CM6A-LR,AMOC_45N_ensmean,so,W60p0,1,7,0.6298935054867452,0.6298935054867452
IPSL-CM6A-LR,AMOC_45N_ensmean,thetao,W60p0,10,14,-0.628566630648107,0.628566630648107
IPSL-CM6A-LR,AMOC_45N_ensmean,thetao,W20p0,5,17,0.6269398803662605,0.6269398803662605
IPSL-CM6A-LR,AMOC_45N_ensmean,thetao,W40p0,8,22,-0.6256989365534655,0.6256989365534655
IPSL-CM6A-LR,AMOC_45N_ensmean,thetao,W30p0,9,18,-0.6254110365244125,0.6254110365244125
IPSL-CM6A-LR,AMOC_45N_ensmean,thetao,W20p0,5,15,0.62344525516833,0.62344525516833
IPSL-CM6A-LR,AMOC_45N_ensmean,thetao,W30p0,9,4,-0.6229082256471133,0.6229082256471133
IPSL-CM6A-LR,AMOC_45N_ensmean,thetao,W10p0,9,3,-0.6218610428388172,0.6218610428388172
IPSL-CM6A-LR,AMOC_45N_ensmean,thetao,W60p0,10,17,-0.6217078026791625,0.6217078026791625
IPSL-CM6A-LR,AMOC_45N_ensmean,thetao,W20p0,5,18,0.6215894955110051,0.6215894955110051
IPSL-CM6A-LR,AMOC_45N_ensmean,so,W60p0,1,6,0.6196271174775032,0.6196271174775032
IPSL-CM6A-LR,AMOC_45N_ensmean,thetao,W60p0,10,5,-0.6195999249476929,0.6195999249476929
IPSL-CM6A-LR,AMOC_45N_ensmean,thetao,W60p0,10,11,-0.6189604036463999,0.6189604036463999
IPSL-CM6A-LR,AMOC_45N_ensmean,thetao,W60p0,10,16,-0.6184833256252215,0.6184833256252215
IPSL-CM6A-LR,AMOC_45N_ensmean,thetao,W30p0,9,6,-0.6170481246518038,0.6170481246518038
IPSL-CM6A-LR,AMOC_45N_ensmean,thetao,W40p0,8,20,-0.6160690840839405,0.6160690840839405
IPSL-CM6A-LR,AMOC_45N_ensmean,thetao,W20p0,5,19,0.6150585908245226,0.6150585908245226
IPSL-CM6A-LR,AMOC_45N_ensmean,thetao,W20p0,5,20,0.6148368764531045,0.6148368764531045
IPSL-CM6A-LR,AMOC_45N_ensmean,thetao,W40p0,8,23,-0.6118809111595538,0.6118809111595538
IPSL-CM6A-LR,AMOC_45N_ensmean,so,W30p0,5,14,0.6109821514820516,0.6109821514820516
