rank,feature_index,feature,coef_std,abscoef_std,cluster_root,cluster_size
1,210,so W60p0 EOF1 lag1,0.20257812234968917,0.20257812234968917,210,1
2,84,thetao W30p0 EOF5 lag0,0.17655456355942017,0.17655456355942017,84,1
3,261,so W40p0 EOF2 lag2,-0.1671994515265394,0.1671994515265394,261,1
4,48,thetao W40p0 EOF9 lag0,0.16405999381836983,0.16405999381836983,48,1
5,163,thetao W10p0 EOF4 lag0,-0.15790518883175517,0.15790518883175517,163,1
6,200,so W60p0 EOF1 lag0,0.1570456360200428,0.1570456360200428,200,1
7,209,so W60p0 EOF10 lag0,-0.15087664352366614,0.15087664352366614,209,1
8,251,so W40p0 EOF2 lag1,-0.1508275435952709,0.1508275435952709,251,1
9,71,thetao W40p0 EOF2 lag3,-0.14136821327194452,0.14136821327194452,71,1
10,246,so W40p0 EOF7 lag0,-0.13675234325818791,0.13675234325818791,246,1
11,83,thetao W30p0 EOF4 lag0,0.13649527135844386,0.13649527135844386,83,1
12,45,thetao W40p0 EOF6 lag0,0.1254399834783435,0.1254399834783435,45,1
13,61,thetao W40p0 EOF2 lag2,-0.12535574955097956,0.12535574955097956,61,1
14,51,thetao W40p0 EOF2 lag1,-0.12206605840439728,0.12206605840439728,51,1
15,271,so W40p0 EOF2 lag3,-0.11449129983167233,0.11449129983167233,271,1
16,201,so W60p0 EOF2 lag0,0.11260527011607419,0.11260527011607419,201,1
17,162,thetao W10p0 EOF3 lag0,-0.09520929807931273,0.09520929807931273,162,1
18,240,so W40p0 EOF1 lag0,0.09427327980915583,0.09427327980915583,40,2
19,242,so W40p0 EOF3 lag0,0.0931197289643383,0.0931197289643383,242,1
20,208,so W60p0 EOF9 lag0,-0.09197414033746174,0.09197414033746174,208,1
21,94,thetao W30p0 EOF5 lag1,0.08892461876285575,0.08892461876285575,94,1
22,55,thetao W40p0 EOF6 lag1,0.08834897768334671,0.08834897768334671,55,1
23,90,thetao W30p0 EOF1 lag1,-0.08818773253002159,0.08818773253002159,90,1
24,290,so W30p0 EOF1 lag1,-0.08776547853361687,0.08776547853361687,290,1
25,211,so W60p0 EOF2 lag1,-0.08625309763369979,0.08625309763369979,211,1
26,100,thetao W30p0 EOF1 lag2,-0.08206643404987964,0.08206643404987964,100,1
27,371,so W10p0 EOF2 lag1,-0.08034839851461362,0.08034839851461362,361,4
28,62,thetao W40p0 EOF3 lag2,0.07942725978622149,0.07942725978622149,62,1
29,32,thetao W60p0 EOF3 lag3,-0.07823503280223981,0.07823503280223981,32,1
30,103,thetao W30p0 EOF4 lag2,0.0730331543829047,0.0730331543829047,103,1
31,213,so W60p0 EOF4 lag1,0.0717916683976567,0.0717916683976567,213,1
32,278,so W40p0 EOF9 lag3,-0.06821888109211453,0.06821888109211453,278,1
33,244,so W40p0 EOF5 lag0,-0.06725202594526802,0.06725202594526802,244,1
34,93,thetao W30p0 EOF4 lag1,0.06711502971083119,0.06711502971083119,93,1
35,329,so W20p0 EOF10 lag0,0.0668478429827689,0.0668478429827689,329,1
36,8,thetao W60p0 EOF9 lag0,0.0655904508602136,0.0655904508602136,8,1
37,142,thetao W20p0 EOF3 lag2,0.06525694971545123,0.06525694971545123,142,1
38,294,so W30p0 EOF5 lag1,0.06522014931794455,0.06522014931794455,294,1
39,166,thetao W10p0 EOF7 lag0,0.06495305603241759,0.06495305603241759,166,1
40,80,thetao W30p0 EOF1 lag0,0.06439126284209684,0.06439126284209684,80,1
41,268,so W40p0 EOF9 lag2,-0.06420872047854272,0.06420872047854272,268,1
42,310,so W30p0 EOF1 lag3,-0.06418431995647944,0.06418431995647944,310,1
43,327,so W20p0 EOF8 lag0,-0.06380874048418683,0.06380874048418683,327,1
44,282,so W30p0 EOF3 lag0,-0.06373343181372305,0.06373343181372305,282,1
45,218,so W60p0 EOF9 lag1,-0.06335039827841979,0.06335039827841979,218,1
46,104,thetao W30p0 EOF5 lag2,0.062180228472139575,0.062180228472139575,104,1
47,364,so W10p0 EOF5 lag0,0.061376664719406816,0.061376664719406816,364,1
48,248,so W40p0 EOF9 lag0,0.061229821504431146,0.061229821504431146,248,1
49,300,so W30p0 EOF1 lag2,-0.06116974225489623,0.06116974225489623,300,1
50,110,thetao W30p0 EOF1 lag3,-0.05998141453006158,0.05998141453006158,110,1
51,256,so W40p0 EOF7 lag1,-0.05914648376567429,0.05914648376567429,256,1
52,134,thetao W20p0 EOF5 lag1,-0.05889748207579893,0.05889748207579893,134,1
53,298,so W30p0 EOF9 lag1,0.0585079072789258,0.0585079072789258,298,1
54,365,so W10p0 EOF6 lag0,-0.05791324315079862,0.05791324315079862,365,1
55,158,thetao W20p0 EOF9 lag3,0.056996759717425106,0.056996759717425106,158,1
56,219,so W60p0 EOF10 lag1,-0.05682937828193146,0.05682937828193146,219,1
57,281,so W30p0 EOF2 lag0,-0.05604294009667885,0.05604294009667885,281,1
58,286,so W30p0 EOF7 lag0,-0.055610387844255336,0.055610387844255336,286,1
59,72,thetao W40p0 EOF3 lag3,0.05557540056055011,0.05557540056055011,72,1
60,121,thetao W20p0 EOF2 lag0,0.05546194534254092,0.05546194534254092,121,1
61,22,thetao W60p0 EOF3 lag2,-0.05481357404848475,0.05481357404848475,22,1
62,180,thetao W10p0 EOF1 lag2,-0.05408185374190444,0.05408185374190444,180,1
63,231,so W60p0 EOF2 lag3,0.05404586613585003,0.05404586613585003,231,1
64,28,thetao W60p0 EOF9 lag2,0.053690877682996616,0.053690877682996616,28,1
65,164,thetao W10p0 EOF5 lag0,-0.053263919218338916,0.053263919218338916,164,1
66,325,so W20p0 EOF6 lag0,-0.053079853950917806,0.053079853950917806,325,1
67,229,so W60p0 EOF10 lag2,-0.053032092316811025,0.053032092316811025,229,1
68,220,so W60p0 EOF1 lag2,0.052335884854699206,0.052335884854699206,220,1
69,238,so W60p0 EOF9 lag3,-0.0522481947310335,0.0522481947310335,238,1
70,124,thetao W20p0 EOF5 lag0,0.05202095778826113,0.05202095778826113,124,1
71,312,so W30p0 EOF3 lag3,0.051632162920401466,0.051632162920401466,312,1
72,274,so W40p0 EOF5 lag3,0.05152423624186192,0.05152423624186192,274,1
73,128,thetao W20p0 EOF9 lag0,0.051064487595192616,0.051064487595192616,128,1
74,301,so W30p0 EOF2 lag2,0.050621045158855994,0.050621045158855994,301,1
75,43,thetao W40p0 EOF4 lag0,-0.05050769409780797,0.05050769409780797,43,1
76,207,so W60p0 EOF8 lag0,0.049816101188617505,0.049816101188617505,207,1
77,308,so W30p0 EOF9 lag2,0.04935905502239373,0.04935905502239373,308,1
78,370,so W10p0 EOF1 lag1,-0.04916586600102063,0.04916586600102063,360,4
79,152,thetao W20p0 EOF3 lag3,0.0491495555359722,0.0491495555359722,152,1
80,296,so W30p0 EOF7 lag1,0.04897269690645275,0.04897269690645275,296,1
81,297,so W30p0 EOF8 lag1,0.04873621536159487,0.04873621536159487,297,1
82,119,thetao W30p0 EOF10 lag3,-0.048682015981403585,0.048682015981403585,119,1
83,187,thetao W10p0 EOF8 lag2,0.04772805214285477,0.04772805214285477,187,1
84,21,thetao W60p0 EOF2 lag2,-0.04769940752342633,0.04769940752342633,21,1
85,269,so W40p0 EOF10 lag2,0.04731236639646675,0.04731236639646675,269,1
86,66,thetao W40p0 EOF7 lag2,-0.04709276991977499,0.04709276991977499,66,1
87,126,thetao W20p0 EOF7 lag0,-0.04702029955092825,0.04702029955092825,126,1
88,106,thetao W30p0 EOF7 lag2,-0.04673091687858788,0.04673091687858788,106,1
89,131,thetao W20p0 EOF2 lag1,-0.046001913697100494,0.046001913697100494,131,1
90,181,thetao W10p0 EOF2 lag2,-0.04531334333206576,0.04531334333206576,181,1
91,86,thetao W30p0 EOF7 lag0,-0.04523714022263489,0.04523714022263489,86,1
92,39,thetao W60p0 EOF10 lag3,-0.04442235125137108,0.04442235125137108,39,1
93,199,thetao W10p0 EOF10 lag3,-0.044092410004533254,0.044092410004533254,199,1
94,151,thetao W20p0 EOF2 lag3,-0.0436809188103773,0.0436809188103773,151,1
95,193,thetao W10p0 EOF4 lag3,0.043420269288000905,0.043420269288000905,193,1
96,332,so W20p0 EOF3 lag1,0.043266366413098466,0.043266366413098466,332,1
97,243,so W40p0 EOF4 lag0,-0.04322609778696361,0.04322609778696361,243,1
98,307,so W30p0 EOF8 lag2,0.042560839502403185,0.042560839502403185,307,1
99,154,thetao W20p0 EOF5 lag3,-0.04253555613887352,0.04253555613887352,154,1
100,30,thetao W60p0 EOF1 lag3,0.04242655837009466,0.04242655837009466,30,1
101,293,so W30p0 EOF4 lag1,-0.041918997489659736,0.041918997489659736,293,1
102,148,thetao W20p0 EOF9 lag2,0.041431163898677584,0.041431163898677584,148,1
103,113,thetao W30p0 EOF4 lag3,0.0409126438579353,0.0409126438579353,113,1
104,70,thetao W40p0 EOF1 lag3,-0.040900855318532936,0.040900855318532936,70,2
105,379,so W10p0 EOF10 lag1,0.04041534113464768,0.04041534113464768,379,1
106,236,so W60p0 EOF7 lag3,0.040413664975144634,0.040413664975144634,236,1
107,228,so W60p0 EOF9 lag2,-0.04009301434897338,0.04009301434897338,228,1
108,11,thetao W60p0 EOF2 lag1,-0.03980641032388919,0.03980641032388919,11,1
109,168,thetao W10p0 EOF9 lag0,-0.03966149802804252,0.03966149802804252,168,1
110,283,so W30p0 EOF4 lag0,0.03924693630077952,0.03924693630077952,283,1
111,352,so W20p0 EOF3 lag3,-0.039051675970128236,0.039051675970128236,352,1
112,19,thetao W60p0 EOF10 lag1,-0.03904237965012543,0.03904237965012543,19,1
113,73,thetao W40p0 EOF4 lag3,0.03887772221385777,0.03887772221385777,73,1
114,144,thetao W20p0 EOF5 lag2,-0.03784837780234296,0.03784837780234296,144,1
115,23,thetao W60p0 EOF4 lag2,-0.037815245732083426,0.037815245732083426,23,1
116,317,so W30p0 EOF8 lag3,-0.037805777068227034,0.037805777068227034,317,1
117,60,thetao W40p0 EOF1 lag2,-0.03756919512063605,0.03756919512063605,60,2
118,169,thetao W10p0 EOF10 lag0,-0.037564155873347625,0.037564155873347625,169,1
119,42,thetao W40p0 EOF3 lag0,-0.03703401132445836,0.03703401132445836,42,1
120,321,so W20p0 EOF2 lag0,0.03681741796047134,0.03681741796047134,321,1
121,114,thetao W30p0 EOF5 lag3,0.03680913203007574,0.03680913203007574,114,1
122,288,so W30p0 EOF9 lag0,-0.036768655370894625,0.036768655370894625,288,1
123,272,so W40p0 EOF3 lag3,-0.03602426863469923,0.03602426863469923,272,1
124,172,thetao W10p0 EOF3 lag1,0.035928836315618884,0.035928836315618884,172,1
125,135,thetao W20p0 EOF6 lag1,-0.035795156550285,0.035795156550285,135,1
126,105,thetao W30p0 EOF6 lag2,-0.035701436515627794,0.035701436515627794,105,1
127,54,thetao W40p0 EOF5 lag1,0.03555020526127574,0.03555020526127574,54,1
128,1,thetao W60p0 EOF2 lag0,-0.03542538811388064,0.03542538811388064,1,1
129,186,thetao W10p0 EOF7 lag2,-0.035364996984497646,0.035364996984497646,186,1
130,97,thetao W30p0 EOF8 lag1,-0.03533824510354124,0.03533824510354124,97,1
131,85,thetao W30p0 EOF6 lag0,0.03533481620908253,0.03533481620908253,85,1
132,313,so W30p0 EOF4 lag3,-0.03488051170084719,0.03488051170084719,313,1
133,150,thetao W20p0 EOF1 lag3,-0.0347164481865412,0.0347164481865412,120,4
134,82,thetao W30p0 EOF3 lag0,-0.034503945570111515,0.034503945570111515,82,1
135,76,thetao W40p0 EOF7 lag3,-0.03352591027606929,0.03352591027606929,76,1
136,177,thetao W10p0 EOF8 lag1,0.03286146651405053,0.03286146651405053,177,1
137,395,so W10p0 EOF6 lag3,-0.03269207067768827,0.03269207067768827,395,1
138,318,so W30p0 EOF9 lag3,0.03265426806057551,0.03265426806057551,318,1
139,367,so W10p0 EOF8 lag0,-0.03237492708271244,0.03237492708271244,367,1
140,315,so W30p0 EOF6 lag3,-0.03186748784035185,0.03186748784035185,315,1
141,241,so W40p0 EOF2 lag0,0.03185482374323837,0.03185482374323837,241,1
142,348,so W20p0 EOF9 lag2,0.03171624493627809,0.03171624493627809,348,1
143,122,thetao W20p0 EOF3 lag0,-0.03167365672708504,0.03167365672708504,122,1
144,47,thetao W40p0 EOF8 lag0,-0.031211913780479845,0.031211913780479845,47,1
145,204,so W60p0 EOF5 lag0,0.031020317165590196,0.031020317165590196,204,1
146,141,thetao W20p0 EOF2 lag2,-0.030975316956703577,0.030975316956703577,141,1
147,257,so W40p0 EOF8 lag1,-0.03042870503058074,0.03042870503058074,257,1
148,92,thetao W30p0 EOF3 lag1,-0.030286173996953193,0.030286173996953193,92,1
149,359,so W20p0 EOF10 lag3,0.029907657398526438,0.029907657398526438,359,1
150,63,thetao W40p0 EOF4 lag2,0.029779630298105517,0.029779630298105517,63,1
151,216,so W60p0 EOF7 lag1,0.029506260278772543,0.029506260278772543,216,1
152,354,so W20p0 EOF5 lag3,0.029466693113859087,0.029466693113859087,354,1
153,18,thetao W60p0 EOF9 lag1,0.02940396992826972,0.02940396992826972,18,1
154,392,so W10p0 EOF3 lag3,-0.029203902975549673,0.029203902975549673,392,1
155,252,so W40p0 EOF3 lag1,-0.029101009763376207,0.029101009763376207,252,1
156,362,so W10p0 EOF3 lag0,0.029087575037412543,0.029087575037412543,362,1
157,88,thetao W30p0 EOF9 lag0,-0.02907369350255611,0.02907369350255611,88,1
158,374,so W10p0 EOF5 lag1,0.0289788443311027,0.0289788443311027,374,1
159,267,so W40p0 EOF8 lag2,-0.028445051475117125,0.028445051475117125,267,1
160,14,thetao W60p0 EOF5 lag1,-0.028359262052223815,0.028359262052223815,14,1
161,341,so W20p0 EOF2 lag2,0.028259072528494213,0.028259072528494213,341,1
162,223,so W60p0 EOF4 lag2,0.027515168271987158,0.027515168271987158,223,1
163,215,so W60p0 EOF6 lag1,-0.027413125765267426,0.027413125765267426,215,1
164,35,thetao W60p0 EOF6 lag3,-0.027318574763439116,0.027318574763439116,35,1
165,399,so W10p0 EOF10 lag3,0.027307793413699485,0.027307793413699485,399,1
166,196,thetao W10p0 EOF7 lag3,0.02727390590018357,0.02727390590018357,196,1
167,78,thetao W40p0 EOF9 lag3,0.02705488326810595,0.02705488326810595,78,1
168,342,so W20p0 EOF3 lag2,0.027010243345829035,0.027010243345829035,342,1
169,41,thetao W40p0 EOF2 lag0,0.02692380151272192,0.02692380151272192,41,1
170,302,so W30p0 EOF3 lag2,0.026633529626272058,0.026633529626272058,302,1
171,351,so W20p0 EOF2 lag3,0.026581238495699173,0.026581238495699173,351,1
172,303,so W30p0 EOF4 lag2,-0.026572181532825187,0.026572181532825187,303,1
173,0,thetao W60p0 EOF1 lag0,0.026538425864004445,0.026538425864004445,0,1
174,155,thetao W20p0 EOF6 lag3,0.026074885013696987,0.026074885013696987,155,1
175,394,so W10p0 EOF5 lag3,0.026020985008457446,0.026020985008457446,394,1
176,330,so W20p0 EOF1 lag1,-0.025960462873965764,0.025960462873965764,330,1
177,75,thetao W40p0 EOF6 lag3,0.025901948859822575,0.025901948859822575,75,1
178,345,so W20p0 EOF6 lag2,-0.02585861827422115,0.02585861827422115,345,1
179,233,so W60p0 EOF4 lag3,0.025743428522204355,0.025743428522204355,233,1
180,190,thetao W10p0 EOF1 lag3,-0.025461764490744422,0.025461764490744422,190,1
181,287,so W30p0 EOF8 lag0,0.025303245980900727,0.025303245980900727,287,1
182,52,thetao W40p0 EOF3 lag1,0.02513477358411715,0.02513477358411715,52,1
183,77,thetao W40p0 EOF8 lag3,-0.025085152356098785,0.025085152356098785,77,1
184,265,so W40p0 EOF6 lag2,0.025019488173912734,0.025019488173912734,265,1
185,338,so W20p0 EOF9 lag1,-0.024979231838923782,0.024979231838923782,338,1
186,273,so W40p0 EOF4 lag3,-0.024381299752922983,0.024381299752922983,273,1
187,277,so W40p0 EOF8 lag3,-0.024183426028363677,0.024183426028363677,277,1
188,247,so W40p0 EOF8 lag0,-0.02415824248701755,0.02415824248701755,247,1
189,109,thetao W30p0 EOF10 lag2,-0.024026457447799736,0.024026457447799736,109,1
190,96,thetao W30p0 EOF7 lag1,-0.023764363598545318,0.023764363598545318,96,1
191,36,thetao W60p0 EOF7 lag3,-0.023665161137408887,0.023665161137408887,36,1
192,6,thetao W60p0 EOF7 lag0,-0.023420746423473315,0.023420746423473315,6,1
193,65,thetao W40p0 EOF6 lag2,0.023391785593132437,0.023391785593132437,65,1
194,384,so W10p0 EOF5 lag2,0.023379887204120535,0.023379887204120535,384,1
195,12,thetao W60p0 EOF3 lag1,-0.023039764401566482,0.023039764401566482,12,1
196,331,so W20p0 EOF2 lag1,0.023011426175999602,0.023011426175999602,331,1
197,368,so W10p0 EOF9 lag0,0.022750021023328425,0.022750021023328425,368,1
198,393,so W10p0 EOF4 lag3,0.02247106995140433,0.02247106995140433,393,1
199,3,thetao W60p0 EOF4 lag0,-0.022436178919128736,0.022436178919128736,3,1
200,224,so W60p0 EOF5 lag2,-0.021935598045325477,0.021935598045325477,224,1
201,355,so W20p0 EOF6 lag3,-0.02131735513125662,0.02131735513125662,355,1
202,217,so W60p0 EOF8 lag1,-0.02130755544384298,0.02130755544384298,217,1
203,137,thetao W20p0 EOF8 lag1,-0.02124745202891884,0.02124745202891884,137,1
204,107,thetao W30p0 EOF8 lag2,-0.021195531131621297,0.021195531131621297,107,1
205,344,so W20p0 EOF5 lag2,0.021125056707171477,0.021125056707171477,344,1
206,2,thetao W60p0 EOF3 lag0,0.02105150218370158,0.02105150218370158,2,1
207,316,so W30p0 EOF7 lag3,0.021038952357831455,0.021038952357831455,316,1
208,25,thetao W60p0 EOF6 lag2,0.020901150863160408,0.020901150863160408,25,1
209,20,thetao W60p0 EOF1 lag2,0.020253598048141048,0.020253598048141048,20,1
210,385,so W10p0 EOF6 lag2,0.02012917943601735,0.02012917943601735,385,1
211,334,so W20p0 EOF5 lag1,0.020067173420155505,0.020067173420155505,334,1
212,33,thetao W60p0 EOF4 lag3,-0.020012422501442823,0.020012422501442823,33,1
213,387,so W10p0 EOF8 lag2,-0.019893745969850832,0.019893745969850832,387,1
214,340,so W20p0 EOF1 lag2,-0.0197761108709933,0.0197761108709933,340,1
215,250,so W40p0 EOF1 lag1,0.019705142454224608,0.019705142454224608,50,2
216,375,so W10p0 EOF6 lag1,0.01963158177327574,0.01963158177327574,375,1
217,10,thetao W60p0 EOF1 lag1,-0.01963068158761389,0.01963068158761389,10,1
218,253,so W40p0 EOF4 lag1,-0.01961129878505036,0.01961129878505036,253,1
219,284,so W30p0 EOF5 lag0,-0.01959740502666163,0.01959740502666163,284,1
220,26,thetao W60p0 EOF7 lag2,0.019579688967693167,0.019579688967693167,26,1
221,4,thetao W60p0 EOF5 lag0,0.019576441589178793,0.019576441589178793,4,1
222,13,thetao W60p0 EOF4 lag1,-0.01952300246456877,0.01952300246456877,13,1
223,118,thetao W30p0 EOF9 lag3,0.01948640988394555,0.01948640988394555,118,1
224,49,thetao W40p0 EOF10 lag0,0.019330825186115765,0.019330825186115765,49,1
225,184,thetao W10p0 EOF5 lag2,0.01921767798485243,0.01921767798485243,184,1
226,347,so W20p0 EOF8 lag2,-0.0191730865923721,0.0191730865923721,347,1
227,153,thetao W20p0 EOF4 lag3,0.019070486630576318,0.019070486630576318,153,1
228,249,so W40p0 EOF10 lag0,0.019060350619700486,0.019060350619700486,249,1
229,285,so W30p0 EOF6 lag0,0.01905857108741568,0.01905857108741568,285,1
230,323,so W20p0 EOF4 lag0,-0.019012525986095336,0.019012525986095336,323,1
231,157,thetao W20p0 EOF8 lag3,0.018874464097417235,0.018874464097417235,157,1
232,7,thetao W60p0 EOF8 lag0,0.01871859380042931,0.01871859380042931,7,1
233,225,so W60p0 EOF6 lag2,-0.018446611111555985,0.018446611111555985,225,1
234,295,so W30p0 EOF6 lag1,0.01805626611771295,0.01805626611771295,295,1
235,149,thetao W20p0 EOF10 lag2,0.018050078959011194,0.018050078959011194,149,1
236,239,so W60p0 EOF10 lag3,-0.01799859768864627,0.01799859768864627,239,1
237,259,so W40p0 EOF10 lag1,0.017899874922589994,0.017899874922589994,259,1
238,74,thetao W40p0 EOF5 lag3,-0.017633313302398857,0.017633313302398857,74,1
239,167,thetao W10p0 EOF8 lag0,0.01738795853598802,0.01738795853598802,167,1
240,132,thetao W20p0 EOF3 lag1,0.01732074966129664,0.01732074966129664,132,1
241,138,thetao W20p0 EOF9 lag1,0.017239139914308484,0.017239139914308484,138,1
242,203,so W60p0 EOF4 lag0,0.017132877191664193,0.017132877191664193,203,1
243,366,so W10p0 EOF7 lag0,0.01694396025565308,0.01694396025565308,366,1
244,254,so W40p0 EOF5 lag1,0.016855196724572634,0.016855196724572634,254,1
245,57,thetao W40p0 EOF8 lag1,-0.016554316499688703,0.016554316499688703,57,1
246,46,thetao W40p0 EOF7 lag0,0.01653192000822516,0.01653192000822516,46,1
247,276,so W40p0 EOF7 lag3,-0.016519756145893873,0.016519756145893873,276,1
248,173,thetao W10p0 EOF4 lag1,-0.01621279519946753,0.01621279519946753,173,1
249,226,so W60p0 EOF7 lag2,0.015993676073339746,0.015993676073339746,226,1
250,397,so W10p0 EOF8 lag3,-0.015867118016733326,0.015867118016733326,397,1
251,319,so W30p0 EOF10 lag3,-0.015834687416407256,0.015834687416407256,319,1
252,266,so W40p0 EOF7 lag2,0.015616252384693384,0.015616252384693384,266,1
253,222,so W60p0 EOF3 lag2,0.015599301527507332,0.015599301527507332,222,1
254,292,so W30p0 EOF3 lag1,0.015573446539186521,0.015573446539186521,292,1
255,353,so W20p0 EOF4 lag3,0.015507634592721205,0.015507634592721205,353,1
256,178,thetao W10p0 EOF9 lag1,0.015490722030365152,0.015490722030365152,178,1
257,358,so W20p0 EOF9 lag3,-0.01543277234853929,0.01543277234853929,358,1
258,363,so W10p0 EOF4 lag0,-0.015336748644910313,0.015336748644910313,363,1
259,389,so W10p0 EOF10 lag2,0.015315462378548719,0.015315462378548719,389,1
260,139,thetao W20p0 EOF10 lag1,-0.014999259607599893,0.014999259607599893,139,1
261,205,so W60p0 EOF6 lag0,0.014970223469499859,0.014970223469499859,205,1
262,147,thetao W20p0 EOF8 lag2,-0.014964280761135281,0.014964280761135281,147,1
263,99,thetao W30p0 EOF10 lag1,-0.014933265062800708,0.014933265062800708,99,1
264,89,thetao W30p0 EOF10 lag0,-0.014908610842238027,0.014908610842238027,89,1
265,16,thetao W60p0 EOF7 lag1,0.014820742538257421,0.014820742538257421,16,1
266,116,thetao W30p0 EOF7 lag3,-0.014762664197652804,0.014762664197652804,116,1
267,64,thetao W40p0 EOF5 lag2,0.014516520819017118,0.014516520819017118,64,1
268,185,thetao W10p0 EOF6 lag2,0.014472490613838235,0.014472490613838235,185,1
269,81,thetao W30p0 EOF2 lag0,-0.014379079221087348,0.014379079221087348,81,1
270,314,so W30p0 EOF5 lag3,0.014293739991823222,0.014293739991823222,314,1
271,388,so W10p0 EOF9 lag2,0.014280134814833315,0.014280134814833315,388,1
272,349,so W20p0 EOF10 lag2,0.014261925562387435,0.014261925562387435,349,1
273,339,so W20p0 EOF10 lag1,0.014071471240155377,0.014071471240155377,339,1
274,133,thetao W20p0 EOF4 lag1,-0.01400949461213529,0.01400949461213529,133,1
275,356,so W20p0 EOF7 lag3,0.013800189390477773,0.013800189390477773,356,1
276,136,thetao W20p0 EOF7 lag1,-0.01368505101123786,0.01368505101123786,136,1
277,275,so W40p0 EOF6 lag3,0.013685010179834473,0.013685010179834473,275,1
278,101,thetao W30p0 EOF2 lag2,-0.013397362576749795,0.013397362576749795,101,1
279,320,so W20p0 EOF1 lag0,0.013245988282207731,0.013245988282207731,320,1
280,179,thetao W10p0 EOF10 lag1,-0.013155862343271848,0.013155862343271848,179,1
281,346,so W20p0 EOF7 lag2,0.013118621551013598,0.013118621551013598,346,1
282,337,so W20p0 EOF8 lag1,0.013055448538316488,0.013055448538316488,337,1
283,258,so W40p0 EOF9 lag1,-0.013031603467516237,0.013031603467516237,258,1
284,145,thetao W20p0 EOF6 lag2,-0.012986925136868702,0.012986925136868702,145,1
285,171,thetao W10p0 EOF2 lag1,-0.012929376422788857,0.012929376422788857,171,1
286,38,thetao W60p0 EOF9 lag3,0.012824222838040699,0.012824222838040699,38,1
287,194,thetao W10p0 EOF5 lag3,0.01249852100953791,0.01249852100953791,194,1
288,383,so W10p0 EOF4 lag2,-0.012468653867022063,0.012468653867022063,383,1
289,335,so W20p0 EOF6 lag1,-0.012302871239495214,0.012302871239495214,335,1
290,280,so W30p0 EOF1 lag0,-0.012100879461265581,0.012100879461265581,280,1
291,324,so W20p0 EOF5 lag0,0.011975474604644883,0.011975474604644883,324,1
292,221,so W60p0 EOF2 lag2,0.01192598922984639,0.01192598922984639,221,1
293,263,so W40p0 EOF4 lag2,-0.011861220547533401,0.011861220547533401,263,1
294,262,so W40p0 EOF3 lag2,-0.011801979316807282,0.011801979316807282,262,1
295,245,so W40p0 EOF6 lag0,0.0116752305606508,0.0116752305606508,245,1
296,24,thetao W60p0 EOF5 lag2,-0.01139391006273966,0.01139391006273966,24,1
297,34,thetao W60p0 EOF5 lag3,-0.011220274966825011,0.011220274966825011,34,1
298,198,thetao W10p0 EOF9 lag3,0.01110927928288534,0.01110927928288534,198,1
299,279,so W40p0 EOF10 lag3,0.011043940586355798,0.011043940586355798,279,1
300,117,thetao W30p0 EOF8 lag3,0.011030787532630773,0.011030787532630773,117,1
301,91,thetao W30p0 EOF2 lag1,0.010994357252348983,0.010994357252348983,91,1
302,9,thetao W60p0 EOF10 lag0,-0.010868588535252542,0.010868588535252542,9,1
303,306,so W30p0 EOF7 lag2,0.010671385682489239,0.010671385682489239,306,1
304,68,thetao W40p0 EOF9 lag2,0.010535881576215066,0.010535881576215066,68,1
305,322,so W20p0 EOF3 lag0,-0.010326924545281307,0.010326924545281307,322,1
306,378,so W10p0 EOF9 lag1,0.010023399000506769,0.010023399000506769,378,1
307,396,so W10p0 EOF7 lag3,-0.009997080616042427,0.009997080616042427,396,1
308,156,thetao W20p0 EOF7 lag3,0.009842483451053442,0.009842483451053442,156,1
309,79,thetao W40p0 EOF10 lag3,0.009582554828750499,0.009582554828750499,79,1
310,305,so W30p0 EOF6 lag2,0.009567826597856705,0.009567826597856705,305,1
311,235,so W60p0 EOF6 lag3,-0.009561655342617775,0.009561655342617775,235,1
312,212,so W60p0 EOF3 lag1,-0.009535219381099507,0.009535219381099507,212,1
313,183,thetao W10p0 EOF4 lag2,-0.009399336205803814,0.009399336205803814,183,1
314,17,thetao W60p0 EOF8 lag1,-0.009043141389448655,0.009043141389448655,17,1
315,309,so W30p0 EOF10 lag2,0.008916719392511999,0.008916719392511999,309,1
316,289,so W30p0 EOF10 lag0,-0.008872872081667326,0.008872872081667326,289,1
317,129,thetao W20p0 EOF10 lag0,-0.008799828746776744,0.008799828746776744,129,1
318,328,so W20p0 EOF9 lag0,0.008444311438288086,0.008444311438288086,328,1
319,333,so W20p0 EOF4 lag1,-0.00843423488961029,0.00843423488961029,333,1
320,37,thetao W60p0 EOF8 lag3,-0.008172499313377223,0.008172499313377223,37,1
321,376,so W10p0 EOF7 lag1,0.008098554686137143,0.008098554686137143,376,1
322,343,so W20p0 EOF4 lag2,-0.008092118831448161,0.008092118831448161,343,1
323,125,thetao W20p0 EOF6 lag0,-0.007844496342222219,0.007844496342222219,125,1
324,382,so W10p0 EOF3 lag2,-0.007658714668923392,0.007658714668923392,382,1
325,69,thetao W40p0 EOF10 lag2,-0.0075831427582667196,0.0075831427582667196,69,1
326,372,so W10p0 EOF3 lag1,0.007488389747789643,0.007488389747789643,372,1
327,5,thetao W60p0 EOF6 lag0,0.007466797675025927,0.007466797675025927,5,1
328,227,so W60p0 EOF8 lag2,-0.0073360535623455845,0.0073360535623455845,227,1
329,377,so W10p0 EOF8 lag1,0.007244558133005306,0.007244558133005306,377,1
330,398,so W10p0 EOF9 lag3,-0.007099026055886462,0.007099026055886462,398,1
331,357,so W20p0 EOF8 lag3,-0.007070990709648139,0.007070990709648139,357,1
332,58,thetao W40p0 EOF9 lag1,0.007069397434036555,0.007069397434036555,58,1
333,191,thetao W10p0 EOF2 lag3,0.006909681912867133,0.006909681912867133,191,1
334,202,so W60p0 EOF3 lag0,0.006601345652942344,0.006601345652942344,202,1
335,182,thetao W10p0 EOF3 lag2,-0.00617591372674346,0.00617591372674346,182,1
336,27,thetao W60p0 EOF8 lag2,-0.006041826022358188,0.006041826022358188,27,1
337,234,so W60p0 EOF5 lag3,-0.006008869044840481,0.006008869044840481,234,1
338,115,thetao W30p0 EOF6 lag3,-0.005813303396617425,0.005813303396617425,115,1
339,127,thetao W20p0 EOF8 lag0,-0.0057354275444680865,0.0057354275444680865,127,1
340,189,thetao W10p0 EOF10 lag2,-0.005215274099352986,0.005215274099352986,189,1
341,336,so W20p0 EOF7 lag1,-0.005080020382132233,0.005080020382132233,336,1
342,160,thetao W10p0 EOF1 lag0,0.005047810708618202,0.005047810708618202,160,2
343,304,so W30p0 EOF5 lag2,0.00480893834404435,0.00480893834404435,304,1
344,195,thetao W10p0 EOF6 lag3,0.004545223811297856,0.004545223811297856,195,1
345,291,so W30p0 EOF2 lag1,-0.004508719022586501,0.004508719022586501,291,1
346,29,thetao W60p0 EOF10 lag2,0.004256012857443461,0.004256012857443461,29,1
347,98,thetao W30p0 EOF9 lag1,0.003915889962233494,0.003915889962233494,98,1
348,264,so W40p0 EOF5 lag2,-0.003830333825522373,0.003830333825522373,264,1
349,176,thetao W10p0 EOF7 lag1,0.0038248221319937175,0.0038248221319937175,176,1
350,214,so W60p0 EOF5 lag1,0.003789274412639685,0.003789274412639685,214,1
351,255,so W40p0 EOF6 lag1,-0.0036565405591330825,0.0036565405591330825,255,1
352,230,so W60p0 EOF1 lag3,-0.003623268953738003,0.003623268953738003,230,1
353,102,thetao W30p0 EOF3 lag2,0.0035581687620748893,0.0035581687620748893,102,1
354,197,thetao W10p0 EOF8 lag3,-0.003421716432109204,0.003421716432109204,197,1
355,175,thetao W10p0 EOF6 lag1,-0.0032925983655693915,0.0032925983655693915,175,1
356,146,thetao W20p0 EOF7 lag2,0.0029692612952945782,0.0029692612952945782,146,1
357,123,thetao W20p0 EOF4 lag0,-0.002832198568892351,0.002832198568892351,123,1
358,59,thetao W40p0 EOF10 lag1,0.0028169880979145366,0.0028169880979145366,59,1
359,174,thetao W10p0 EOF5 lag1,0.0027362684891809267,0.0027362684891809267,174,1
360,56,thetao W40p0 EOF7 lag1,0.002502185711439717,0.002502185711439717,56,1
361,143,thetao W20p0 EOF4 lag2,-0.002501603014281637,0.002501603014281637,143,1
362,108,thetao W30p0 EOF9 lag2,-0.0024221743109580154,0.0024221743109580154,108,1
363,311,so W30p0 EOF2 lag3,0.00235206853003106,0.00235206853003106,311,1
364,192,thetao W10p0 EOF3 lag3,-0.0022836555642584203,0.0022836555642584203,192,1
365,326,so W20p0 EOF7 lag0,0.002014521915004767,0.002014521915004767,326,1
366,111,thetao W30p0 EOF2 lag3,-0.001959279881199017,0.001959279881199017,111,1
367,206,so W60p0 EOF7 lag0,-0.0019171697603986096,0.0019171697603986096,206,1
368,299,so W30p0 EOF10 lag1,0.0018853260418062248,0.0018853260418062248,299,1
369,237,so W60p0 EOF8 lag3,-0.0018269234959845258,0.0018269234959845258,237,1
370,95,thetao W30p0 EOF6 lag1,0.0017383124110236215,0.0017383124110236215,95,1
371,44,thetao W40p0 EOF5 lag0,0.0016299314790382108,0.0016299314790382108,44,1
372,373,so W10p0 EOF4 lag1,0.0015669624571921614,0.0015669624571921614,373,1
373,350,so W20p0 EOF1 lag3,-0.0015618110893204362,0.0015618110893204362,350,1
374,87,thetao W30p0 EOF8 lag0,-0.0013958212927449845,0.0013958212927449845,87,1
375,161,thetao W10p0 EOF2 lag0,0.0011553103317629926,0.0011553103317629926,161,1
376,159,thetao W20p0 EOF10 lag3,0.0009966562381526142,0.0009966562381526142,159,1
377,15,thetao W60p0 EOF6 lag1,-0.000974841530940241,0.000974841530940241,15,1
378,386,so W10p0 EOF7 lag2,0.0007173376173986593,0.0007173376173986593,386,1
379,232,so W60p0 EOF3 lag3,0.0006407068285861559,0.0006407068285861559,232,1
380,31,thetao W60p0 EOF2 lag3,0.0004240150899319966,0.0004240150899319966,31,1
381,188,thetao W10p0 EOF9 lag2,0.00022716065240259125,0.00022716065240259125,188,1
382,67,thetao W40p0 EOF8 lag2,0.00021195651752753557,0.00021195651752753557,67,1
383,369,so W10p0 EOF10 lag0,6.410329931857266e-05,6.410329931857266e-05,369,1
384,53,thetao W40p0 EOF4 lag1,5.176486218078105e-05,5.176486218078105e-05,53,1
385,165,thetao W10p0 EOF6 lag0,-3.03568874460358e-05,3.03568874460358e-05,165,1
386,112,thetao W30p0 EOF3 lag3,4.9980190870479435e-06,4.9980190870479435e-06,112,1
