var,mode,lag,corr,abs_corr
so,6,0,0.5540871950907098,0.5540871950907098
so,10,8,0.5385698043927146,0.5385698043927146
so,8,1,-0.5314084600264656,0.5314084600264656
so,8,2,-0.5277400161133243,0.5277400161133243
so,4,0,-0.5186189771563423,0.5186189771563423
so,10,7,0.5118297865088318,0.5118297865088318
so,8,3,-0.5087361507767698,0.5087361507767698
so,4,6,-0.5086343056098376,0.5086343056098376
thetao,6,2,0.5055986500238002,0.5055986500238002
so,8,0,-0.5010094117125043,0.5010094117125043
thetao,6,3,0.49563657150760887,0.49563657150760887
so,10,9,0.4949914970939285,0.4949914970939285
so,4,1,-0.49294618647005056,0.49294618647005056
so,4,5,-0.4929061701992327,0.4929061701992327
thetao,6,1,0.48655571756612015,0.48655571756612015
so,4,2,-0.4857920664756282,0.4857920664756282
so,10,10,0.4823603072975952,0.4823603072975952
thetao,6,0,0.4823203543841046,0.4823203543841046
so,10,6,0.47841272987987643,0.47841272987987643
so,8,4,-0.47804122873918053,0.47804122873918053
so,4,7,-0.4767964662516429,0.4767964662516429
so,4,3,-0.476271303416819,0.476271303416819
thetao,6,4,0.4742527437722188,0.4742527437722188
thetao,8,1,0.47125638847931745,0.47125638847931745
so,10,12,0.47019500533628567,0.47019500533628567
thetao,8,0,0.4699283308052229,0.4699283308052229
so,10,11,0.46991399990259514,0.46991399990259514
so,4,4,-0.4683489718223444,0.4683489718223444
thetao,1,10,-0.464328040601916,0.464328040601916
so,3,1,-0.4637354253523791,0.4637354253523791
thetao,6,11,0.4622468533009074,0.4622468533009074
thetao,5,1,0.4618344712430741,0.4618344712430741
so,7,9,-0.4610906778349536,0.4610906778349536
thetao,5,0,0.45991195342549795,0.45991195342549795
thetao,1,9,-0.4575847349858237,0.4575847349858237
so,8,5,-0.45746275824372656,0.45746275824372656
so,7,8,-0.4565341293485101,0.4565341293485101
so,3,0,-0.4564567487525813,0.4564567487525813
thetao,1,11,-0.4560691863745569,0.4560691863745569
so,1,2,-0.4557913718991454,0.4557913718991454
thetao,1,12,-0.45140560104443506,0.45140560104443506
thetao,5,2,0.45132898229528523,0.45132898229528523
so,10,5,0.4496274298293416,0.4496274298293416
thetao,8,2,0.4491393460313642,0.4491393460313642
so,3,2,-0.44757644319269874,0.44757644319269874
so,7,10,-0.4441705074470169,0.4441705074470169
so,10,4,0.4395203450507948,0.4395203450507948
thetao,1,8,-0.43940133122980035,0.43940133122980035
so,8,7,-0.4371768153241837,0.4371768153241837
so,4,8,-0.43640533421385747,0.43640533421385747
so,1,1,-0.4355766793036312,0.4355766793036312
thetao,6,12,0.4299964435751281,0.4299964435751281
so,4,9,-0.4297727426904291,0.4297727426904291
thetao,6,10,0.42939037176674727,0.42939037176674727
so,10,13,0.4291037192485751,0.4291037192485751
so,1,3,-0.42750067368590045,0.42750067368590045
thetao,5,3,0.42633592294045536,0.42633592294045536
thetao,1,6,-0.4236532633695772,0.4236532633695772
thetao,6,5,0.42332822312363655,0.42332822312363655
thetao,5,4,0.4230592243956684,0.4230592243956684
so,7,3,-0.4230093281770811,0.4230093281770811
thetao,1,13,-0.4229731229111044,0.4229731229111044
so,8,6,-0.4227739968256239,0.4227739968256239
thetao,1,15,-0.4227322963733955,0.4227322963733955
so,7,11,-0.4205907770998186,0.4205907770998186
so,7,7,-0.41703297877478723,0.41703297877478723
so,3,3,-0.41617263331805043,0.41617263331805043
thetao,1,16,-0.41592977442520446,0.41592977442520446
thetao,1,0,-0.4144733591316533,0.4144733591316533
thetao,1,7,-0.4144274998301885,0.4144274998301885
so,8,11,-0.41399483260919884,0.41399483260919884
thetao,6,9,0.41317976306724635,0.41317976306724635
so,7,12,-0.4119512464912432,0.4119512464912432
thetao,1,5,-0.4113986239894546,0.4113986239894546
thetao,1,14,-0.4108900275059758,0.4108900275059758
so,7,4,-0.4086214794034233,0.4086214794034233
so,8,8,-0.40817611142359556,0.40817611142359556
so,4,10,-0.40697275494497975,0.40697275494497975
so,8,13,-0.4052458215268249,0.4052458215268249
thetao,1,17,-0.4052043026023972,0.4052043026023972
so,7,2,-0.40319488606095033,0.40319488606095033
so,8,9,-0.40288931015429935,0.40288931015429935
so,8,16,-0.40178036000927336,0.40178036000927336
so,3,11,-0.40168562179491407,0.40168562179491407
so,10,16,0.4012068125762358,0.4012068125762358
so,8,12,-0.4002767080745287,0.4002767080745287
thetao,8,3,0.3953957798239948,0.3953957798239948
so,8,17,-0.39370072965288216,0.39370072965288216
thetao,1,4,-0.39182356451750716,0.39182356451750716
so,7,6,-0.3915327864511701,0.3915327864511701
thetao,3,10,-0.3907774722678906,0.3907774722678906
thetao,1,2,-0.39047270224346925,0.39047270224346925
thetao,1,1,-0.38994059990073726,0.38994059990073726
so,8,14,-0.38990174927872434,0.38990174927872434
so,8,15,-0.38770392216656613,0.38770392216656613
so,8,10,-0.3874678222392102,0.3874678222392102
so,7,5,-0.38524622158544874,0.38524622158544874
thetao,5,5,0.3836238713351316,0.3836238713351316
so,8,20,-0.38189051793650536,0.38189051793650536
so,10,14,0.38142445109794065,0.38142445109794065
so,3,10,-0.3811575828168695,0.3811575828168695
thetao,1,19,-0.38091623210912096,0.38091623210912096
so,10,20,0.3807761630646607,0.3807761630646607
so,8,19,-0.3801020351866817,0.3801020351866817
thetao,6,6,0.3780413773306228,0.3780413773306228
thetao,3,9,-0.3774182688039543,0.3774182688039543
thetao,6,13,0.3770825725066027,0.3770825725066027
so,3,4,-0.376925752231384,0.376925752231384
thetao,6,8,0.3758910973099753,0.3758910973099753
thetao,1,3,-0.3750646273966355,0.3750646273966355
thetao,3,11,-0.3747739354883108,0.3747739354883108
so,7,13,-0.3737770334202566,0.3737770334202566
thetao,1,20,-0.37331323660685806,0.37331323660685806
so,10,17,0.37320634040795625,0.37320634040795625
so,4,11,-0.37270414831033943,0.37270414831033943
so,8,18,-0.3723437059112864,0.3723437059112864
thetao,3,8,-0.37140355769589206,0.37140355769589206
thetao,3,3,-0.36999488157525084,0.36999488157525084
so,10,15,0.36979548017119135,0.36979548017119135
thetao,1,18,-0.3689590666747416,0.3689590666747416
thetao,6,14,0.36754505462386566,0.36754505462386566
so,7,14,-0.3668856293467574,0.3668856293467574
so,3,12,-0.3668588714625113,0.3668588714625113
so,10,19,0.3666188751753154,0.3666188751753154
so,7,1,-0.3654432200445764,0.3654432200445764
thetao,6,7,0.3638883348637051,0.3638883348637051
so,7,18,-0.36158840348172006,0.36158840348172006
thetao,6,16,0.3597310737111683,0.3597310737111683
so,10,18,0.35704180502666716,0.35704180502666716
so,4,12,-0.3556146496063921,0.3556146496063921
so,10,3,0.35334148075278504,0.35334148075278504
so,7,15,-0.3520598154278695,0.3520598154278695
so,7,0,-0.35182363716431825,0.35182363716431825
thetao,5,20,0.3516354296122836,0.3516354296122836
so,7,17,-0.3514602416863553,0.3514602416863553
thetao,6,15,0.34913921375301155,0.34913921375301155
so,3,9,-0.34855815721378014,0.34855815721378014
so,3,18,-0.3473263301598206,0.3473263301598206
so,7,19,-0.3453683281585459,0.3453683281585459
thetao,3,4,-0.34362940391607577,0.34362940391607577
so,3,5,-0.3426446765103994,0.3426446765103994
thetao,6,18,0.3425925748275302,0.3425925748275302
so,3,16,-0.34173862586779813,0.34173862586779813
so,3,17,-0.3408807306383492,0.3408807306383492
thetao,6,19,0.33868244931675384,0.33868244931675384
thetao,8,4,0.3386759617111747,0.3386759617111747
thetao,6,17,0.33769565544890373,0.33769565544890373
thetao,3,2,-0.3365248632347674,0.3365248632347674
so,7,20,-0.3360507324666611,0.3360507324666611
so,9,0,0.33528435888170255,0.33528435888170255
thetao,3,7,-0.3351523445159037,0.3351523445159037
so,3,19,-0.3346926621045135,0.3346926621045135
thetao,6,20,0.33393539710291004,0.33393539710291004
so,6,1,0.3313556488869531,0.3313556488869531
so,1,4,-0.32805547640285554,0.32805547640285554
so,3,13,-0.3266559622539,0.3266559622539
thetao,3,12,-0.32613281521511284,0.32613281521511284
so,3,8,-0.32456405433446256,0.32456405433446256
so,3,14,-0.324208938051831,0.324208938051831
so,7,16,-0.32317832601096474,0.32317832601096474
so,3,15,-0.3210991238933929,0.3210991238933929
thetao,5,13,0.32020843998105153,0.32020843998105153
so,3,20,-0.3201025950542788,0.3201025950542788
so,3,6,-0.31744709037451363,0.31744709037451363
thetao,8,5,0.3166371102374227,0.3166371102374227
thetao,5,6,0.3104016347698885,0.3104016347698885
so,3,7,-0.3103146940933499,0.3103146940933499
so,4,19,-0.30609710416804486,0.30609710416804486
so,4,20,-0.3057259457930269,0.3057259457930269
thetao,3,13,-0.3055373241931592,0.3055373241931592
so,9,1,0.30406335807469886,0.30406335807469886
thetao,5,12,0.30318937529679824,0.30318937529679824
thetao,8,20,0.3029957588882205,0.3029957588882205
so,4,13,-0.30106721446495127,0.30106721446495127
so,1,0,-0.2997895660282673,0.2997895660282673
so,4,15,-0.298017559022747,0.298017559022747
thetao,5,16,0.2966649377337176,0.2966649377337176
thetao,5,11,0.29615275102714517,0.29615275102714517
so,1,19,0.2956946428120145,0.2956946428120145
thetao,5,14,0.2955543276425473,0.2955543276425473
thetao,3,14,-0.295239143831361,0.295239143831361
thetao,3,6,-0.2946133780679913,0.2946133780679913
thetao,3,5,-0.29218261901391207,0.29218261901391207
so,4,14,-0.2905558468901767,0.2905558468901767
thetao,5,19,0.29016418558274115,0.29016418558274115
so,4,17,-0.2891544627228689,0.2891544627228689
so,1,18,0.28719237855358887,0.28719237855358887
thetao,5,10,0.286977007736522,0.286977007736522
thetao,5,15,0.2865750313771122,0.2865750313771122
so,1,20,0.2862554989393374,0.2862554989393374
thetao,8,6,0.2862531530782644,0.2862531530782644
so,4,16,-0.28596311630884985,0.28596311630884985
thetao,8,10,0.2838494229537623,0.2838494229537623
thetao,5,9,0.282443669425842,0.282443669425842
thetao,10,7,-0.2811452833441775,0.2811452833441775
thetao,5,7,0.27511852914273527,0.27511852914273527
so,4,18,-0.27501626621042075,0.27501626621042075
thetao,5,17,0.2742977136434378,0.2742977136434378
so,1,17,0.2728818412794796,0.2728818412794796
thetao,5,8,0.2694500375442622,0.2694500375442622
so,5,0,0.2643839762761493,0.2643839762761493
thetao,8,11,0.2641725419678681,0.2641725419678681
thetao,10,8,-0.262802134898086,0.262802134898086
so,10,2,0.2610881327372455,0.2610881327372455
thetao,8,19,0.2610818149113339,0.2610818149113339
so,9,2,0.26105476727348553,0.26105476727348553
thetao,10,6,-0.25856813279435464,0.25856813279435464
thetao,8,16,0.2582242287065892,0.2582242287065892
thetao,5,18,0.2571787269486276,0.2571787269486276
thetao,8,12,0.2564929924130844,0.2564929924130844
thetao,8,15,0.2551202100004156,0.2551202100004156
thetao,3,15,-0.25475778635309687,0.25475778635309687
thetao,8,17,0.2537358213133268,0.2537358213133268
so,1,16,0.25190683406267594,0.25190683406267594
thetao,7,19,-0.2510127653683429,0.2510127653683429
thetao,10,0,-0.24904603144720172,0.24904603144720172
thetao,8,7,0.2412710750027417,0.2412710750027417
thetao,7,16,-0.23856704376583898,0.23856704376583898
thetao,7,20,-0.23407740179319203,0.23407740179319203
thetao,9,0,-0.2332206046218585,0.2332206046218585
so,6,6,0.23317335194458869,0.23317335194458869
thetao,10,1,-0.23206247568308802,0.23206247568308802
thetao,8,14,0.23031983069000672,0.23031983069000672
thetao,9,12,0.22895344224310513,0.22895344224310513
thetao,7,3,-0.22629342596578186,0.22629342596578186
thetao,8,8,0.22624906486162347,0.22624906486162347
so,10,0,0.2248464627320955,0.2248464627320955
so,10,1,0.22304261135763734,0.22304261135763734
thetao,8,9,0.22258513433267416,0.22258513433267416
thetao,8,13,0.22252421110761136,0.22252421110761136
thetao,8,18,0.22014270970018696,0.22014270970018696
thetao,9,13,0.21945872988409085,0.21945872988409085
so,1,5,-0.21837574253631095,0.21837574253631095
thetao,7,2,-0.21706917459963945,0.21706917459963945
so,9,3,0.21289663615994175,0.21289663615994175
thetao,7,18,-0.21223163752773322,0.21223163752773322
so,5,4,0.21073499646343122,0.21073499646343122
thetao,7,14,-0.21002575676811172,0.21002575676811172
thetao,9,11,0.206051827282712,0.206051827282712
so,6,7,0.20459870483497555,0.20459870483497555
so,1,15,0.20352407651441876,0.20352407651441876
so,5,3,0.20306200291698956,0.20306200291698956
thetao,9,1,-0.1994466147769922,0.1994466147769922
thetao,3,17,-0.19775112456823457,0.19775112456823457
thetao,10,9,-0.1960244985709859,0.1960244985709859
thetao,7,17,-0.19582239961672213,0.19582239961672213
so,6,5,0.1951769182415175,0.1951769182415175
so,9,5,0.19395020518617748,0.19395020518617748
so,9,4,0.19373174693574075,0.19373174693574075
thetao,3,1,-0.1934557979258733,0.1934557979258733
thetao,7,15,-0.19343829926596923,0.19343829926596923
so,6,2,0.1912423799828821,0.1912423799828821
thetao,10,20,0.19024261690781494,0.19024261690781494
thetao,4,6,0.18910066982234291,0.18910066982234291
thetao,9,14,0.1875431052306287,0.1875431052306287
thetao,10,2,-0.18751821405749328,0.18751821405749328
thetao,2,6,-0.18696768450873547,0.18696768450873547
so,5,5,0.18288066516746904,0.18288066516746904
thetao,7,4,-0.18209390894004185,0.18209390894004185
thetao,2,5,-0.182075346350351,0.182075346350351
so,9,14,0.1806340728911644,0.1806340728911644
thetao,2,20,-0.18004057134942564,0.18004057134942564
so,5,2,0.17837881091429253,0.17837881091429253
so,9,10,0.1774967680192574,0.1774967680192574
thetao,10,5,-0.1768374299140219,0.1768374299140219
so,6,8,0.17599345388284754,0.17599345388284754
so,5,1,0.17518234241411607,0.17518234241411607
so,2,12,0.173035189553948,0.173035189553948
thetao,7,12,-0.1711632103882182,0.1711632103882182
thetao,4,7,0.17001954096273178,0.17001954096273178
so,9,12,0.16888999226612564,0.16888999226612564
so,9,13,0.1685626557683839,0.1685626557683839
so,6,3,0.16816279831284353,0.16816279831284353
thetao,4,5,0.16772154818182383,0.16772154818182383
thetao,10,4,-0.16728772170633108,0.16728772170633108
so,2,20,-0.1668009198111368,0.1668009198111368
thetao,2,4,-0.1660447455871062,0.1660447455871062
thetao,3,16,-0.16581285793435585,0.16581285793435585
thetao,7,5,-0.1628058319002861,0.1628058319002861
thetao,10,3,-0.16259033301641174,0.16259033301641174
so,2,16,0.16244169138167128,0.16244169138167128
thetao,2,19,-0.16198756453770535,0.16198756453770535
so,9,15,0.16158764768350714,0.16158764768350714
thetao,7,13,-0.16075381869329777,0.16075381869329777
so,6,4,0.16022350173173514,0.16022350173173514
thetao,7,11,-0.15905549606746072,0.15905549606746072
so,2,15,0.1578690275268609,0.1578690275268609
thetao,2,0,-0.15762899906274325,0.15762899906274325
so,9,20,0.15706739811323123,0.15706739811323123
thetao,3,19,-0.15492163070689788,0.15492163070689788
thetao,7,6,-0.15375779267767017,0.15375779267767017
so,1,6,-0.15260220126438942,0.15260220126438942
thetao,4,20,-0.1520665796665122,0.1520665796665122
thetao,9,8,0.15149072151696763,0.15149072151696763
thetao,3,18,-0.15056563316219662,0.15056563316219662
so,2,13,0.1487316669189051,0.1487316669189051
so,9,11,0.144004440314441,0.144004440314441
so,2,11,0.1434054215903393,0.1434054215903393
thetao,4,9,0.14193912912457188,0.14193912912457188
thetao,10,10,-0.14091426233940554,0.14091426233940554
so,9,6,0.1395420930541575,0.1395420930541575
thetao,9,10,0.13910738743673287,0.13910738743673287
so,1,14,0.1383616252708055,0.1383616252708055
thetao,2,3,-0.13778860205981724,0.13778860205981724
thetao,4,8,0.1349681835247612,0.1349681835247612
so,2,2,-0.1343342161819432,0.1343342161819432
thetao,9,9,0.13380718871203667,0.13380718871203667
thetao,9,2,-0.13364029934124394,0.13364029934124394
thetao,7,1,-0.1304548612566671,0.1304548612566671
thetao,3,20,-0.12831886996490952,0.12831886996490952
so,9,19,0.12673444234994186,0.12673444234994186
so,2,3,-0.12412404686419061,0.12412404686419061
thetao,10,15,-0.12189464323342909,0.12189464323342909
so,2,10,0.12147467178018231,0.12147467178018231
so,5,11,0.11991993739434377,0.11991993739434377
so,2,17,0.11728024296596974,0.11728024296596974
thetao,9,6,0.11701715107708516,0.11701715107708516
thetao,9,7,0.1158514545645582,0.1158514545645582
so,2,14,0.11538099697568284,0.11538099697568284
so,1,7,-0.1135345080834636,0.1135345080834636
thetao,2,18,-0.11284548627269828,0.11284548627269828
thetao,7,7,-0.11106101101115072,0.11106101101115072
thetao,2,7,-0.1105502579227091,0.1105502579227091
so,9,17,0.10993849526751129,0.10993849526751129
so,5,6,0.10945341236270678,0.10945341236270678
thetao,4,10,0.10875405474499986,0.10875405474499986
so,6,9,0.10584060161617102,0.10584060161617102
so,5,17,-0.10485480460651485,0.10485480460651485
so,1,13,0.10342460775022912,0.10342460775022912
thetao,10,19,0.1032898236155967,0.1032898236155967
so,2,8,0.10219779172274449,0.10219779172274449
so,2,9,0.10217893216418712,0.10217893216418712
thetao,9,16,0.1007403970476037,0.1007403970476037
thetao,4,0,0.09713169868952293,0.09713169868952293
thetao,10,13,-0.09655987967943251,0.09655987967943251
thetao,9,15,0.09575528464591429,0.09575528464591429
so,9,16,0.09493478127052772,0.09493478127052772
so,9,18,0.0948177768794392,0.0948177768794392
thetao,9,5,0.09351123625704043,0.09351123625704043
so,5,12,0.09345302735495281,0.09345302735495281
thetao,2,9,-0.09231968111937301,0.09231968111937301
thetao,10,14,-0.09073602480944858,0.09073602480944858
so,9,9,0.08934005350564324,0.08934005350564324
so,1,12,0.08858019493855708,0.08858019493855708
so,2,1,-0.08780919516082995,0.08780919516082995
thetao,4,16,0.08656722074755917,0.08656722074755917
thetao,2,2,-0.08201785279356283,0.08201785279356283
thetao,10,18,0.07848799647401593,0.07848799647401593
thetao,9,20,-0.07764564911930134,0.07764564911930134
so,2,4,-0.07687008934024714,0.07687008934024714
so,5,18,-0.07644186744677949,0.07644186744677949
thetao,2,8,-0.07464172119824954,0.07464172119824954
so,2,19,-0.07297623677582218,0.07297623677582218
thetao,9,19,-0.07274682770513155,0.07274682770513155
thetao,10,12,-0.07164366999715399,0.07164366999715399
so,2,5,-0.07020815704195225,0.07020815704195225
thetao,7,9,-0.06942045980631005,0.06942045980631005
so,5,10,0.06876012311777864,0.06876012311777864
thetao,10,11,-0.06786510340974963,0.06786510340974963
thetao,4,19,-0.06777769992577924,0.06777769992577924
thetao,4,17,0.06514002986561092,0.06514002986561092
thetao,7,10,-0.06478849598475095,0.06478849598475095
thetao,4,4,0.064351152374847,0.064351152374847
thetao,2,10,-0.06430003972468022,0.06430003972468022
so,2,7,0.06291627702341084,0.06291627702341084
thetao,9,18,-0.06088743494266284,0.06088743494266284
thetao,9,4,0.0582403846407575,0.0582403846407575
thetao,10,16,-0.05801313918022897,0.05801313918022897
so,5,19,-0.0565081106544617,0.0565081106544617
so,1,8,-0.055735057538044815,0.055735057538044815
thetao,9,3,-0.053281397601040024,0.053281397601040024
thetao,4,15,0.05104753911508784,0.05104753911508784
thetao,2,1,-0.05038394655522185,0.05038394655522185
so,9,7,0.04848311849025421,0.04848311849025421
thetao,4,2,-0.04827977112454385,0.04827977112454385
so,1,11,0.04512078350331112,0.04512078350331112
so,6,20,0.043623462920011444,0.043623462920011444
so,2,0,-0.04121029990195218,0.04121029990195218
so,6,10,0.04093559972070075,0.04093559972070075
so,6,18,-0.040012418504538794,0.040012418504538794
so,5,9,0.0399159690274295,0.0399159690274295
thetao,9,17,-0.03895876437736985,0.03895876437736985
so,5,16,-0.037780661981823525,0.037780661981823525
so,6,13,-0.03758964076672299,0.03758964076672299
so,5,8,0.03633798018044985,0.03633798018044985
so,6,17,-0.034541533861750816,0.034541533861750816
thetao,7,8,-0.03453156609185871,0.03453156609185871
so,5,7,0.03416173082943082,0.03416173082943082
thetao,4,1,0.033872904399798905,0.033872904399798905
thetao,4,13,0.03291898638252645,0.03291898638252645
thetao,10,17,0.031639827772655185,0.031639827772655185
so,9,8,0.031145231352133564,0.031145231352133564
thetao,4,3,-0.030091490956522516,0.030091490956522516
so,6,19,-0.029594176463683265,0.029594176463683265
thetao,2,13,0.029492440548323957,0.029492440548323957
thetao,2,14,-0.02683472014727817,0.02683472014727817
thetao,4,14,0.025415074693021865,0.025415074693021865
thetao,2,17,-0.025065034839545194,0.025065034839545194
thetao,2,12,0.02487940823920632,0.02487940823920632
thetao,2,15,-0.02356355441590915,0.02356355441590915
thetao,4,12,0.022359769279758725,0.022359769279758725
so,5,20,-0.021765864815593203,0.021765864815593203
so,5,15,-0.020756368664834268,0.020756368664834268
so,6,14,-0.019878108025350918,0.019878108025350918
thetao,2,11,0.017962320727163344,0.017962320727163344
so,2,18,0.01752538088262882,0.01752538088262882
so,6,11,-0.01749750421548542,0.01749750421548542
thetao,3,0,-0.013786810849405667,0.013786810849405667
so,5,14,-0.012503535839583598,0.012503535839583598
thetao,7,0,-0.012118275280799935,0.012118275280799935
thetao,4,11,0.01138775670322038,0.01138775670322038
so,6,16,-0.00947033518726761,0.00947033518726761
so,1,10,0.009030699465594497,0.009030699465594497
so,1,9,0.008589882142002396,0.008589882142002396
so,6,15,-0.008177296197827429,0.008177296197827429
so,5,13,-0.008170385246247412,0.008170385246247412
thetao,4,18,-0.007775090397103455,0.007775090397103455
so,6,12,-0.007586263703134459,0.007586263703134459
so,2,6,-0.006913022851369825,0.006913022851369825
thetao,2,16,0.0039515446637860595,0.0039515446637860595
