n_features,maxlag_used,overall_r2,overall_corr,delta_r2,calib_a,calib_b,n_train_used,n_test_used,last_added_feature
1,1,0.2803689175715278,0.7097453085668122,,1.3597122302158269,-4.496584930230381,139,25,so W60p0 EOF1 lag1
2,2,0.31192441093221224,0.7233608253515486,0.03155549336068442,1.187097777884037,-2.3393425133728134,138,25,so W60p0 EOF1 lag2
3,8,0.5136343856852659,0.7860869844555152,0.20170997475305363,1.1458561604397248,-1.8252308147757592,132,25,so W60p0 EOF1 lag8
4,8,0.5308620676485849,0.7885296611221163,0.01722768196331903,1.109302864050826,-1.3678061660704215,132,25,so W60p0 EOF1 lag6
5,16,0.7196051161410704,0.8504163774587136,0.18874304849248547,1.097694958305031,-1.2226568231931287,124,25,thetao W10p0 EOF2 lag16
6,16,0.7271073972737859,0.8528333240400588,0.00750228113271556,1.08231039384891,-1.0301183029820715,124,25,thetao W10p0 EOF2 lag15
7,16,0.6913096309607838,0.8365600713425368,-0.03579776631300213,1.0789754304944348,-0.9883810857173208,124,25,so W40p0 EOF3 lag0
8,16,0.7063653513410848,0.844231726082063,0.015055720380301008,1.0710249508972494,-0.8888804738555887,124,25,so W60p0 EOF1 lag3
9,18,0.6913242550768077,0.8361965974613792,-0.015041096264277076,1.0677964086797267,-0.8488110443864677,122,25,thetao W10p0 EOF2 lag18
10,18,0.6933456676220837,0.8370661257482117,0.0020214125452759912,1.0607827066025894,-0.7609994935824368,122,25,so W60p0 EOF1 lag7
11,18,0.6838553002114941,0.8321730179129295,-0.009490367410589617,1.0573638789129811,-0.7181957705194293,122,25,so W10p0 EOF5 lag16
12,18,0.680279172409182,0.8302481047048954,-0.00357612780231209,1.0561526457223624,-0.7030311308350218,122,25,thetao W10p0 EOF2 lag17
13,18,0.6741396613694661,0.8270318504529138,-0.006139511039715884,1.0543605684904296,-0.6805943236872632,122,25,thetao W10p0 EOF2 lag14
14,19,0.6688512688407944,0.82417860871199,-0.005288392528671748,1.054713952457745,-0.6851868715980458,121,25,thetao W10p0 EOF2 lag19
15,19,0.6380183661085148,0.8089955751019436,-0.030832902732279566,1.0543035839922674,-0.6800477969665721,121,25,thetao W20p0 EOF9 lag3
16,19,0.6766655772400234,0.8301602529725991,0.038647211131508596,1.0552787276631563,-0.6922595932488996,121,25,thetao W60p0 EOF2 lag0
17,19,0.679025550724546,0.8319048566283804,0.0023599734845225484,1.0546334245900943,-0.6841784151580764,121,25,thetao W40p0 EOF3 lag0
18,19,0.6840586167054385,0.8343827323347447,0.005033065980892593,1.0525279411852135,-0.6578112908216386,121,25,so W60p0 EOF1 lag4
19,19,0.6867568242560262,0.8356669656074961,0.0026982075505876946,1.0508013735175314,-0.6361893562751416,121,25,so W60p0 EOF1 lag5
20,19,0.7169956812095556,0.8512127367592314,0.030238856953529347,1.0499313939715629,-0.6252945381039101,121,25,so W60p0 EOF1 lag0
21,19,0.7153734021389695,0.8503864214700182,-0.0016222790705860968,1.049641866751898,-0.6216687673274699,121,25,so W10p0 EOF5 lag18
22,19,0.7311724734728527,0.859244520437752,0.015799071333883252,1.0488121105949912,-0.6112776696311475,121,25,so W30p0 EOF1 lag4
23,20,0.7434921010754263,0.8657890906225371,0.012319627602573546,1.047728527701884,-0.5977492156591068,120,25,so W10p0 EOF5 lag20
24,20,0.7532471021275708,0.8708359086976089,0.009755001052144552,1.0452244112411044,-0.5663878114335417,120,25,so W30p0 EOF1 lag3
25,20,0.7540444415473133,0.8717572512130191,0.000797339419742471,1.044981544608402,-0.5633461643055546,120,25,so W30p0 EOF1 lag5
26,20,0.7542573487183327,0.8719349618150783,0.00021290717101940526,1.0433757885028458,-0.5432357712376735,120,25,so W60p0 EOF1 lag9
27,20,0.7615289274354571,0.875766199301632,0.007271578717124361,1.0456966345044207,-0.5723019072344,120,25,thetao W10p0 EOF2 lag20
28,20,0.7542465695550512,0.8722888819272451,-0.007282357880405876,1.0448555134561266,-0.5617677577204617,120,25,thetao W20p0 EOF9 lag2
29,20,0.7540262656959281,0.8721788326924824,-0.00022030385912308326,1.0448107337960246,-0.5612069399456002,120,25,so W10p0 EOF5 lag15
30,20,0.7564497321237125,0.8736404109925349,0.0024234664277843487,1.0484223974695948,-0.606439198974948,120,25,thetao W20p0 EOF3 lag20
31,20,0.757580607804397,0.874440485207217,0.0011308756806844844,1.0476763495671015,-0.597095739831498,120,25,so W60p0 EOF1 lag11
32,20,0.754391096716003,0.8729748267302695,-0.003189511088393937,1.047177467572317,-0.5908477716781119,120,25,thetao W20p0 EOF9 lag4
33,20,0.7557554655730957,0.8736558101685595,0.0013643688570926793,1.047711314819011,-0.5975336425473571,120,25,thetao W10p0 EOF1 lag18
34,20,0.7579508969540674,0.8747619059168061,0.0021954313809716686,1.0484680288296273,-0.607010683388615,120,25,thetao W10p0 EOF1 lag20
35,20,0.7576570861241281,0.8747222246089531,-0.0002938108299392894,1.0495787298310835,-0.6209210360523131,120,25,thetao W20p0 EOF3 lag19
36,20,0.7584765363701624,0.8751376235845393,0.0008194502460343589,1.0499777037661377,-0.6259177616633887,120,25,so W10p0 EOF5 lag17
37,20,0.7589437531916519,0.8753783663110495,0.00046721682148942456,1.0502237964249175,-0.628999811348301,120,25,thetao W10p0 EOF1 lag16
38,20,0.75970461479636,0.8757502563389442,0.0007608616047081185,1.050358741777376,-0.6306898588413442,120,25,thetao W10p0 EOF1 lag19
39,20,0.7596489413416436,0.8757277599876765,-5.567345471635399e-05,1.0504103615074987,-0.6313363412425103,120,25,thetao W10p0 EOF1 lag15
40,20,0.7601444024584204,0.8759704196601739,0.0004954611167767853,1.0505574256137395,-0.6331781632804083,120,25,thetao W10p0 EOF1 lag17
41,20,0.7601370737298152,0.8759831340192886,-7.328728605204837e-06,1.0506582826718414,-0.6344412910213386,120,25,so W10p0 EOF5 lag19
42,20,0.7589825249541402,0.8754736358104264,-0.0011545487756750017,1.0511232582111167,-0.6402646167614049,120,25,thetao W20p0 EOF3 lag18
43,20,0.7599117826823014,0.8759196518397316,0.0009292577281612147,1.0515125532752418,-0.6451401247740166,120,25,thetao W10p0 EOF2 lag13
44,20,0.7740911416049727,0.8829485104045988,0.014179358922671303,1.0547834938338216,-0.6861051879658234,120,25,so W30p0 EOF9 lag16
45,20,0.7794812130143253,0.8856426322280959,0.005390071409352548,1.0550233668059958,-0.6891093426690558,120,25,so W20p0 EOF10 lag20
46,20,0.778481981457614,0.8851850517409419,-0.000999231556711222,1.0551634020706964,-0.6908631359174577,120,25,thetao W30p0 EOF4 lag20
47,20,0.7785858080601025,0.8852402305802254,0.00010382660248842157,1.054470311964996,-0.6821829170418309,120,25,so W60p0 EOF1 lag10
48,20,0.7777414256613248,0.8848713550870881,-0.0008443823987777099,1.0548394241378949,-0.6868056557363693,120,25,thetao W20p0 EOF3 lag17
49,20,0.7771998010530932,0.8845979154053848,-0.0005416246082315945,1.0549126401489668,-0.6877226086636715,120,25,thetao W10p0 EOF2 lag3
50,20,0.7752430312524271,0.8836497235168493,-0.0019567698006660583,1.0546094680568223,-0.6839256995819304,120,25,thetao W20p0 EOF9 lag1
51,20,0.7742322048184271,0.8832137978286122,-0.0010108264339999673,1.0549256415566548,-0.6878854375130512,120,25,so W20p0 EOF10 lag16
52,20,0.7748251237552986,0.8834848330599707,0.0005929189368714116,1.0550298573769694,-0.6891906301902845,120,25,thetao W20p0 EOF9 lag5
53,20,0.7746063817876886,0.8833717272246162,-0.0002187419676099589,1.0550017558562546,-0.6888386884318732,120,25,thetao W10p0 EOF2 lag4
54,20,0.7752020888109883,0.8836037400431037,0.0005957070232996964,1.0551955516832394,-0.6912657757349207,120,25,thetao W10p0 EOF2 lag11
55,20,0.7738906958710474,0.8830104011513379,-0.0013113929399408697,1.055470942457572,-0.6947147532601652,120,25,thetao W20p0 EOF3 lag16
56,20,0.7749049025614364,0.8834562925898393,0.0010142066903889857,1.0560041378760905,-0.7013924606724504,120,25,thetao W10p0 EOF2 lag12
57,20,0.7747728998091179,0.8833968569927795,-0.00013200275231850522,1.0560030920082366,-0.7013793622862444,120,25,thetao W10p0 EOF1 lag14
58,20,0.7743369153715716,0.8831912360335221,-0.00043598443754633287,1.0559529838238666,-0.7007518103933271,120,25,thetao W30p0 EOF4 lag19
59,20,0.771655652914548,0.8818514277660949,-0.0026812624570236032,1.0558657991883973,-0.6996599152526494,120,25,thetao W20p0 EOF9 lag0
60,20,0.770293796172026,0.8812388409955986,-0.001361856742521983,1.0563991249589595,-0.7063392551861065,120,25,thetao W60p0 EOF2 lag1
61,20,0.7704071534290674,0.8812967122880527,0.0001133572570414243,1.0564066952590725,-0.7064340651702576,120,25,thetao W10p0 EOF2 lag5
62,20,0.7704177770876999,0.8813018532569682,1.062365863246928e-05,1.0564075883313895,-0.7064452499543415,120,25,thetao W10p0 EOF2 lag6
63,20,0.770064072262265,0.881135035346993,-0.00035370482543484183,1.0564878113647234,-0.7074499584077923,120,25,so W30p0 EOF1 lag2
64,20,0.7697279615890614,0.8809775204635748,-0.00033611067320360455,1.05651898849641,-0.7078404189333946,120,25,thetao W10p0 EOF2 lag2
65,20,0.7699736145580242,0.8810741318305191,0.0002456529689627285,1.0565539981769176,-0.7082788780703367,120,25,thetao W10p0 EOF2 lag10
66,20,0.7695050497265918,0.8808874204747654,-0.00046856483143231653,1.0565483252770873,-0.7082078310134224,120,25,thetao W10p0 EOF2 lag9
67,20,0.7694273830117333,0.880850405050929,-7.766671485853749e-05,1.056551562567129,-0.7082483746395604,120,25,so W20p0 EOF10 lag18
68,20,0.7693116019997347,0.8807945378759061,-0.0001157810119986058,1.0565499986564684,-0.7082287883163307,120,25,so W10p0 EOF5 lag14
69,20,0.7689480586062158,0.8806427092245217,-0.00036354339351885034,1.056553871730372,-0.7082772944613818,120,25,thetao W10p0 EOF2 lag8
70,20,0.7678575773271102,0.8800736285855074,-0.001090481279105604,1.055571068297251,-0.6959687232654651,120,25,so W60p0 EOF1 lag12
71,20,0.7666361133802659,0.8795028872134144,-0.0012214639468443034,1.0556277821841344,-0.6966790045800987,120,25,so W20p0 EOF10 lag17
72,20,0.7665606109012824,0.879469916252244,-7.550247898358009e-05,1.0556238227760246,-0.6966294171906194,120,25,thetao W10p0 EOF2 lag7
73,20,0.7520457573689633,0.8726273224869158,-0.014514853532319072,1.0550435288871096,-0.6893618513625485,120,25,so W30p0 EOF5 lag17
74,20,0.7489367388690145,0.871193622397304,-0.0031090184999488235,1.0553117018386085,-0.6927204333079291,120,25,thetao W20p0 EOF3 lag15
75,20,0.7494680523413663,0.8714550210196879,0.000531313472351802,1.0554515616565523,-0.6944720292716784,120,25,so W30p0 EOF1 lag6
76,20,0.7543016954510162,0.8737706932358917,0.004833643109649954,1.0552542635220663,-0.6920010792797466,120,25,so W30p0 EOF1 lag1
77,20,0.7538984912521839,0.8735736714565964,-0.00040320419883232983,1.0552518653544793,-0.6919710447728595,120,25,thetao W10p0 EOF1 lag6
78,20,0.7683847220815813,0.8808893139770791,0.014486230829397373,1.0559804133753155,-0.7010953364489991,120,25,so W20p0 EOF4 lag3
79,20,0.7676961371849971,0.8805789010053064,-0.0006885848965841879,1.056168438317651,-0.7034501495391418,120,25,thetao W10p0 EOF1 lag13
80,20,0.7834503254939713,0.8880277332310125,0.015754188308974237,1.0578589210921763,-0.7246216543228022,120,25,so W30p0 EOF9 lag13
81,20,0.7835069296376966,0.88801914895111,5.6604143725325073e-05,1.0578295461407845,-0.7242537641950301,120,25,thetao W40p0 EOF3 lag12
82,20,0.7776159432321071,0.8853897300217185,-0.005890986405589493,1.0578508216480074,-0.724520217370257,120,25,so W30p0 EOF1 lag8
83,20,0.7773267865201599,0.8852584079849396,-0.00028915671194729153,1.057900912645564,-0.7251475540165555,120,25,thetao W10p0 EOF1 lag5
84,20,0.777502492079525,0.8853410225071083,0.00017570555936519128,1.0579072766292514,-0.7252272561662088,120,25,thetao W10p0 EOF2 lag1
85,20,0.777890075053963,0.8855785226141107,0.0003875829744379722,1.0579908446649209,-0.7262738572281082,120,25,thetao W10p0 EOF1 lag1
86,20,0.7771039343403886,0.8852027665650556,-0.0007861407135744125,1.0581370704389754,-0.7281051800440183,120,25,thetao W10p0 EOF1 lag11
87,20,0.7026927062610496,0.8484888896138396,-0.07441122807933898,1.0560687319248458,-0.7022014326612996,120,25,thetao W10p0 EOF8 lag3
88,20,0.7021447596864453,0.8482244406319579,-0.0005479465746043299,1.056168618767222,-0.7034524094787288,120,25,thetao W10p0 EOF1 lag4
89,20,0.7008879299001429,0.847600538349504,-0.0012568297863023714,1.0562999367551014,-0.705097028075534,120,25,thetao W10p0 EOF1 lag7
90,20,0.6506421862255876,0.8234390775739227,-0.050245743674555365,1.0576956619202493,-0.7225770062544979,120,25,thetao W30p0 EOF8 lag13
91,20,0.6446422335536695,0.8212744746599204,-0.005999952671918107,1.0590906536135887,-0.7400477984765652,120,25,so W40p0 EOF3 lag2
92,20,0.6389856706836012,0.8187586924754464,-0.005656562870068216,1.059038706741432,-0.7393972189681923,120,25,thetao W30p0 EOF4 lag18
93,20,0.6395415361109583,0.8190240644039842,0.0005558654273570829,1.0590419936539652,-0.7394383840634348,120,25,thetao W10p0 EOF1 lag2
94,20,0.6365294360144536,0.8176139862728686,-0.003012100096504766,1.059081056552832,-0.7399276054637806,120,25,so W20p0 EOF10 lag19
95,20,0.6354753999331281,0.817091622361057,-0.0010540360813254823,1.0591487453699984,-0.7407753361464174,120,25,so W30p0 EOF9 lag20
96,20,0.6357594367476411,0.8172274312515212,0.0002840368145130556,1.0592071300957533,-0.7415065429467768,120,25,thetao W10p0 EOF1 lag3
97,20,0.5723117067852956,0.7860188427983857,-0.06344772996234549,1.0574159255641837,-0.7190736049245042,120,25,thetao W10p0 EOF8 lag2
98,20,0.569697067832074,0.7847800779171538,-0.0026146389532216707,1.0577429187985123,-0.7231688485609018,120,25,thetao W10p0 EOF1 lag12
99,20,0.5654451515756437,0.7829539028514982,-0.004251916256430288,1.0576004169354143,-0.7213841637822516,120,25,thetao W30p0 EOF4 lag17
100,20,0.5622949721448582,0.7814963772281486,-0.003150179430785438,1.0578165007408715,-0.7240903843896732,120,25,thetao W10p0 EOF1 lag8
101,20,0.5541939930999875,0.7784215891620484,-0.008100979044870726,1.0590327504668444,-0.7393226229428258,120,25,so W20p0 EOF10 lag15
102,20,0.5556764784457094,0.7790916926889009,0.001482485345721929,1.059160903810527,-0.7409276077256897,120,25,thetao W10p0 EOF1 lag0
103,20,0.5527560731225265,0.7777469964523352,-0.0029204053231829397,1.0594287167341978,-0.7442816807041794,120,25,thetao W10p0 EOF1 lag10
104,20,0.5528534586067999,0.7781602430078137,9.738548427340454e-05,1.0592438517485179,-0.7419664427214876,120,25,so W40p0 EOF3 lag1
105,20,0.547377502095407,0.7758451359107271,-0.0054759565113928765,1.0592723356813742,-0.7423231737866183,120,25,thetao W20p0 EOF9 lag10
106,20,0.5466582462313083,0.7754753184493735,-0.0007192558640987112,1.0592727074085806,-0.7423278292758332,120,25,thetao W30p0 EOF3 lag20
107,20,0.5866375688743828,0.7936658284470246,0.039979322643074466,1.0604617483375849,-0.7572193064891691,120,25,so W30p0 EOF9 lag12
108,20,0.5879990956354918,0.794374266648127,0.001361526761109011,1.0604769360105568,-0.7574095159937196,120,25,thetao W10p0 EOF2 lag0
109,20,0.5788604082655122,0.7903799368388952,-0.009138687369979581,1.0602836228458485,-0.7549884735240431,120,25,so W30p0 EOF5 lag14
110,20,0.5252809190964837,0.7647160237024333,-0.05357948916902855,1.0591495677914278,-0.7407856361030353,120,25,thetao W10p0 EOF8 lag1
111,20,0.5216920654799218,0.7631021755344694,-0.0035888536165619156,1.059458070831051,-0.7446493096509573,120,25,thetao W10p0 EOF1 lag9
112,20,0.4734095262299505,0.7418897177140436,-0.04828253924997128,1.0586268723566041,-0.7342394298561914,120,25,thetao W30p0 EOF8 lag15
113,20,0.48413616326258346,0.7464106976922636,0.01072663703263299,1.0588815864709191,-0.7374294541326637,120,25,thetao W20p0 EOF9 lag9
114,20,0.47803410458867246,0.7438679735120384,-0.006102058673911004,1.0589370139784067,-0.7381236249089652,120,25,so W30p0 EOF9 lag15
115,20,0.4791327798459917,0.7443635480390217,0.001098675257319215,1.0589646638769663,-0.7384699105786198,120,25,so W30p0 EOF9 lag19
116,20,0.47934636551780274,0.7444041347629912,0.00021358567181106736,1.059161650742304,-0.7409369622544416,120,25,thetao W40p0 EOF3 lag20
117,20,0.47903171482833784,0.7446465022030903,-0.0003146506894649015,1.0596477513012654,-0.7470248564728678,120,25,thetao W40p0 EOF3 lag11
118,20,0.47339757397364846,0.7424261550675528,-0.0056341408546893845,1.059491433503099,-0.7450671417528333,120,25,thetao W30p0 EOF4 lag16
119,20,0.4653756661529316,0.738457735206254,-0.008021907820716878,1.0594991623159387,-0.7451639369408538,120,25,thetao W60p0 EOF2 lag6
120,20,0.47620910800683913,0.7431028645337723,0.010833441853907555,1.0598445103312493,-0.7494890547523788,120,25,thetao W20p0 EOF9 lag7
121,20,0.4739837948977773,0.7422162102631688,-0.0022253131090618217,1.0598714233290432,-0.7498261115210791,120,25,thetao W20p0 EOF3 lag14
122,20,0.47358771392036714,0.742064896904553,-0.0003960809774101737,1.0598742190515529,-0.7498611249819602,120,25,thetao W20p0 EOF9 lag11
123,20,0.4680007178853861,0.7391514116747953,-0.005586996034981029,1.0600673134667997,-0.7522794278465141,120,25,thetao W60p0 EOF2 lag5
124,20,0.4672895344285809,0.738874247995296,-0.0007111834568052089,1.0600489651996812,-0.7520496352506136,120,25,thetao W20p0 EOF9 lag12
125,20,0.4470053118557,0.7304669433429841,-0.020284222572880872,1.06029903424383,-0.7551814849471776,120,25,thetao W30p0 EOF2 lag0
126,20,0.4451216792212631,0.7297572034595123,-0.0018836326344369159,1.060375520181203,-0.7561393902351666,120,25,thetao W40p0 EOF5 lag15
127,20,0.44097047908746334,0.7280753977636166,-0.004151200133799771,1.0603528975290335,-0.7558560654974983,120,25,so W30p0 EOF9 lag17
128,20,0.44214273396418524,0.7285457628851095,0.001172254876721901,1.060359806933006,-0.7559425984580641,120,25,thetao W40p0 EOF5 lag16
129,20,0.45094326102943616,0.7322079611872337,0.008800527065250918,1.0604794349155542,-0.7574408121298737,120,25,thetao W20p0 EOF9 lag8
130,20,0.4512536751806576,0.7323303694767502,0.0003104141512214609,1.0604935592207205,-0.7576177040798703,120,25,thetao W40p0 EOF3 lag19
131,20,0.4524539930294702,0.7328767942501553,0.001200317848812582,1.0607147827339516,-0.7603882940789018,120,25,so W30p0 EOF1 lag7
132,20,0.45825341137749565,0.7354164006100825,0.005799418348025442,1.06085970694815,-0.7622033162373149,120,25,thetao W40p0 EOF5 lag18
133,20,0.3793843626887482,0.700797252405697,-0.07886904868874745,1.0603526336189029,-0.7558527603028524,120,25,thetao W10p0 EOF8 lag0
134,20,0.38710201127157096,0.7041393499795159,0.007717648582822756,1.0604342083719973,-0.7568743976134523,120,25,thetao W40p0 EOF5 lag20
135,20,0.3785927970653743,0.7006493025470507,-0.008509214206196658,1.0599039486716268,-0.7502334569590103,120,25,thetao W30p0 EOF8 lag14
136,20,0.3824339146459699,0.7021958716509695,0.0038411175805955766,1.0600070544896918,-0.7515247480347305,120,25,thetao W40p0 EOF5 lag17
137,20,0.38326741656353003,0.70270341967413,0.0008335019175601532,1.060040263496646,-0.7519406556441864,120,25,thetao W60p0 EOF2 lag8
138,20,0.3681388151769386,0.6968856560227715,-0.015128601386591445,1.0598921601631432,-0.7500858183864635,120,25,thetao W30p0 EOF8 lag12
139,20,0.2766199783562011,0.6607126501472848,-0.09151883682073747,1.0596929307962546,-0.7475906817558551,120,25,thetao W60p0 EOF7 lag0
140,20,0.2766672962008795,0.6607292340969402,4.7317844678373966e-05,1.0596959260732532,-0.747628194425174,120,25,thetao W40p0 EOF3 lag18
141,20,0.2701061711619047,0.6578585199553998,-0.006561125038974769,1.0596621742362704,-0.7472054884450202,120,25,thetao W60p0 EOF2 lag7
142,20,0.27552205867665525,0.6599323936785347,0.005415887514750528,1.059749152105486,-0.7482947940575447,120,25,so W30p0 EOF5 lag16
143,20,0.2735608830333358,0.6594612836422601,-0.001961175643319435,1.0596854026522022,-0.7474963997316857,120,25,thetao W40p0 EOF3 lag13
144,20,0.27354390842682164,0.6594647947179851,-1.697460651417515e-05,1.0596810251557216,-0.7474415762285503,120,25,thetao W30p0 EOF3 lag19
145,20,0.30232406412090884,0.6702337963164964,0.028780155694087206,1.061473370532234,-0.7698888021243977,120,25,thetao W20p0 EOF9 lag6
146,20,0.30226031571941314,0.6702196224583695,-6.374840149570016e-05,1.0614726113649118,-0.7698792943584268,120,25,thetao W40p0 EOF3 lag7
147,20,0.30128350200409015,0.6698637533688347,-0.0009768137153229883,1.0615624847447995,-0.7710048631727953,120,25,thetao W40p0 EOF3 lag9
148,20,0.297409306885987,0.6689174809112718,-0.003874195118103163,1.062402966015184,-0.781531000146609,120,25,thetao W40p0 EOF3 lag10
149,20,0.29912770669852384,0.669592530809844,0.0017183998125368527,1.0623948379333075,-0.7814292045371372,120,25,so W10p0 EOF8 lag17
150,20,0.31048559909308493,0.6742159799714036,0.011357892394561087,1.062589088634169,-0.7838619886532976,120,25,so W60p0 EOF3 lag20
151,20,0.26741990565573925,0.6558911375219977,-0.043065693437345676,1.06318168880202,-0.7912836775800007,120,25,thetao W60p0 EOF2 lag2
152,20,0.2611192609551246,0.654432539202879,-0.006300644700614644,1.0629214085806031,-0.7880239437123323,120,25,thetao W30p0 EOF7 lag10
153,20,0.25862174904913193,0.6536557506643783,-0.0024975119059926776,1.0628404067951127,-0.7870094822136223,120,25,thetao W40p0 EOF3 lag16
154,20,0.28208777319844236,0.661962053177265,0.023466024149310427,1.063219593885724,-0.7917583985727662,120,25,thetao W20p0 EOF2 lag0
155,20,0.2931026962034503,0.666428972431467,0.011014923005007948,1.0635717670569576,-0.7961689942273297,120,25,thetao W40p0 EOF5 lag19
156,20,0.29434599328520916,0.6667719037508327,0.001243297081758854,1.063654961075333,-0.7972109111190853,120,25,thetao W40p0 EOF3 lag2
157,20,0.2972319823572741,0.668070791092132,0.002885989072064943,1.064183886353886,-0.8038351395547992,120,25,so W30p0 EOF5 lag15
158,20,0.28704364301777086,0.6647153409729671,-0.01018833933950325,1.0640757732538162,-0.8024811375798668,120,25,thetao W20p0 EOF9 lag14
159,20,0.2924696983899209,0.6665592853988962,0.005426055372150018,1.0641935207824247,-0.8039558005594342,120,25,so W30p0 EOF3 lag0
160,20,0.2973782263869711,0.6685249443505215,0.004908527997050216,1.0640930338365555,-0.8026973080818822,120,25,so W60p0 EOF1 lag13
161,20,0.29860882994492677,0.6690040236702142,0.0012306035579556784,1.0642817706359045,-0.80506103642653,120,25,thetao W30p0 EOF6 lag20
162,20,0.30833644160615437,0.6733490599296881,0.009727611661227598,1.0646057495933203,-0.8091185294398228,120,25,so W10p0 EOF5 lag13
163,20,0.3018109588245612,0.6711457239054633,-0.00652548278159315,1.0642468927422135,-0.804624227779758,120,25,thetao W30p0 EOF4 lag15
164,20,0.30116958658611315,0.6708966742972642,-0.000641372238448068,1.0642540796914692,-0.8047142367007842,120,25,so W10p0 EOF8 lag16
165,20,0.29851013312740426,0.6700081446494434,-0.0026594534587088825,1.0647158394412803,-0.8104972880866659,120,25,thetao W60p0 EOF2 lag16
166,20,0.31130630060773223,0.6752404221888133,0.012796167480327969,1.0649314494495943,-0.8131975748871083,120,25,so W30p0 EOF5 lag18
167,20,0.3014482539971166,0.6717100103855911,-0.009858046610615623,1.0647944779481129,-0.8114821520253407,120,25,so W40p0 EOF3 lag3
168,20,0.30518575925546054,0.6728312005071599,0.0037375052583439317,1.0659372908997058,-0.8257946728247781,120,25,thetao W40p0 EOF3 lag1
169,20,0.3037908686452795,0.6721384171727225,-0.0013948906101810543,1.065959372043663,-0.8260712157461125,120,25,thetao W60p0 EOF2 lag9
170,20,0.31415408772605136,0.675974076885821,0.010363219080771868,1.0664173531202856,-0.8318069432558169,120,25,thetao W20p0 EOF9 lag13
171,20,0.3073132833556438,0.6736416600787581,-0.006840804370407572,1.0666318839767994,-0.8344937148238989,120,25,thetao W40p0 EOF3 lag17
172,20,0.3305297398723168,0.6831075380154435,0.023216456516673034,1.0670695267090409,-0.8399747261295604,120,25,so W60p0 EOF3 lag19
173,20,0.3258804344883711,0.6815062080751054,-0.004649305383945701,1.0671379336788025,-0.8408314509121898,120,25,thetao W20p0 EOF3 lag13
174,20,0.32382284964313235,0.6811233400239562,-0.002057584845238769,1.0671498234305055,-0.840980357448737,120,25,thetao W40p0 EOF3 lag15
175,20,0.32506457576689285,0.6817333202587479,0.0012417261237605004,1.0673382898560866,-0.8433406996485465,120,25,thetao W40p0 EOF3 lag8
176,20,0.3247304421516506,0.6816580171191909,-0.00033413361524226026,1.0673779467477134,-0.8438373601785565,120,25,thetao W40p0 EOF5 lag14
177,20,0.33201120611846313,0.6845955626346348,0.007280763966812542,1.0671203660075381,-0.8406114344519157,120,25,so W20p0 EOF4 lag4
178,20,0.3557199355505094,0.6946861631059031,0.02370872943204627,1.0673544903954195,-0.8435435942305868,120,25,thetao W60p0 EOF6 lag15
179,20,0.3383542593787089,0.6883119012539729,-0.017365676171800515,1.0672834801010955,-0.8426542655674166,120,25,so W30p0 EOF9 lag14
180,20,0.336530133136565,0.6876481077535138,-0.0018241262421438975,1.0674636048457893,-0.8449101370565614,120,25,thetao W40p0 EOF3 lag5
181,20,0.3262321146277084,0.6842379963045087,-0.010298018508856588,1.0675415264588142,-0.8458860226602336,120,25,thetao W30p0 EOF8 lag11
182,20,0.32365236970155264,0.6834995210390052,-0.002579744926155758,1.0674655257463295,-0.8449341942996104,120,25,so W20p0 EOF10 lag14
183,20,0.3587865241547391,0.6979349347622413,0.03513415445318646,1.0680656320957218,-0.8524498901933062,120,25,so W10p0 EOF8 lag18
184,20,0.38937187060965384,0.7110908609041529,0.03058534645491473,1.0687651006092633,-0.8612099918658268,120,25,so W10p0 EOF8 lag19
185,20,0.3870247088656078,0.7105798855232778,-0.0023471617440460335,1.0687807860378762,-0.8614064352321216,120,25,thetao W40p0 EOF3 lag14
186,20,0.3559631250441804,0.6981613817014114,-0.03106158382142743,1.0685293155043745,-0.8582570333670382,120,25,thetao W30p0 EOF8 lag16
187,20,0.3361226221449828,0.6906377919859045,-0.019840502899197587,1.0686311398607087,-0.859532275492968,120,25,thetao W20p0 EOF4 lag19
188,20,0.346118290449151,0.6945802389879451,0.009995668304168204,1.068562649292233,-0.858674503725059,120,25,so W20p0 EOF4 lag2
189,20,0.34329864271301747,0.6937195335806897,-0.0028196477361335237,1.0690641591177552,-0.8649553826728427,120,25,thetao W60p0 EOF2 lag15
190,20,0.342161084919244,0.6932637308355593,-0.0011375577937734471,1.0693210510662412,-0.8681726820137182,120,25,thetao W60p0 EOF2 lag17
191,20,0.34225818817702613,0.6933091193453864,9.710325778211626e-05,1.0693126438916893,-0.8680673910643341,120,25,thetao W30p0 EOF3 lag18
192,20,0.3172137425475272,0.684124347012342,-0.025044445629498924,1.0694538470987642,-0.8698358115529149,120,25,thetao W60p0 EOF3 lag12
193,20,0.321105298487975,0.6855453396643044,0.003891555940447766,1.0694965472866464,-0.8703705861425419,120,25,thetao W60p0 EOF3 lag20
194,20,0.29487315565015737,0.6738377582005184,-0.026232142837817607,1.0697911042126063,-0.8740595994001692,120,25,thetao W60p0 EOF2 lag4
195,20,0.2932125321439346,0.6732040982280438,-0.0016606235062227581,1.069783994813159,-0.8739705617082922,120,25,so W30p0 EOF5 lag20
196,20,0.3022371636222644,0.676660300785746,0.00902463147832977,1.0698315382065133,-0.8745659923124942,120,25,so W10p0 EOF5 lag11
197,20,0.314206003570332,0.6810454444294782,0.011968839948067633,1.069911361009492,-0.8755656883050049,120,25,thetao W30p0 EOF4 lag10
198,20,0.31021887516192104,0.6796701522402634,-0.003987128408410978,1.0698952004838178,-0.8753632948516283,120,25,thetao W20p0 EOF3 lag12
199,20,0.2899584908123207,0.671338913057422,-0.020260384349600313,1.069456039233884,-0.8698632657215514,120,25,thetao W10p0 EOF8 lag4
200,20,0.2901264978919591,0.6713867916862984,0.00016800707963837702,1.069459583922205,-0.8699076591852956,120,25,thetao W10p0 EOF3 lag20
