year,amoc_true,amoc_pred,is_used,is_train,is_test,split_year,alpha,test_r2,model,target,mode,features
1850,18.659671783447266,,False,False,False,1989,10.0,-0.36020809973889745,MPI-ESM1-2-LR,AMOC_26N_ensmean,ensmean,so W60p0 EOF1 lag1
1851,18.748952865600586,0.029901033605724135,True,True,False,1989,10.0,-0.36020809973889745,MPI-ESM1-2-LR,AMOC_26N_ensmean,ensmean,so W60p0 EOF1 lag1
1852,18.50411033630371,0.06087992905736302,True,True,False,1989,10.0,-0.36020809973889745,MPI-ESM1-2-LR,AMOC_26N_ensmean,ensmean,so W60p0 EOF1 lag1
1853,18.515214920043945,0.030708669619543105,True,True,False,1989,10.0,-0.36020809973889745,MPI-ESM1-2-LR,AMOC_26N_ensmean,ensmean,so W60p0 EOF1 lag1
1854,18.695425033569336,0.014221796993197899,True,True,False,1989,10.0,-0.36020809973889745,MPI-ESM1-2-LR,AMOC_26N_ensmean,ensmean,so W60p0 EOF1 lag1
1855,18.786893844604492,0.04992582380149969,True,True,False,1989,10.0,-0.36020809973889745,MPI-ESM1-2-LR,AMOC_26N_ensmean,ensmean,so W60p0 EOF1 lag1
1856,18.935640335083008,-0.08221343600791348,True,True,False,1989,10.0,-0.36020809973889745,MPI-ESM1-2-LR,AMOC_26N_ensmean,ensmean,so W60p0 EOF1 lag1
1857,18.66299819946289,-0.06262434071921172,True,True,False,1989,10.0,-0.36020809973889745,MPI-ESM1-2-LR,AMOC_26N_ensmean,ensmean,so W60p0 EOF1 lag1
1858,18.8231143951416,0.010454768762056152,True,True,False,1989,10.0,-0.36020809973889745,MPI-ESM1-2-LR,AMOC_26N_ensmean,ensmean,so W60p0 EOF1 lag1
1859,19.010068893432617,-0.1412128584905675,True,True,False,1989,10.0,-0.36020809973889745,MPI-ESM1-2-LR,AMOC_26N_ensmean,ensmean,so W60p0 EOF1 lag1
1860,18.900175094604492,-0.20328617166254143,True,True,False,1989,10.0,-0.36020809973889745,MPI-ESM1-2-LR,AMOC_26N_ensmean,ensmean,so W60p0 EOF1 lag1
1861,18.908618927001953,-0.17752779773456526,True,True,False,1989,10.0,-0.36020809973889745,MPI-ESM1-2-LR,AMOC_26N_ensmean,ensmean,so W60p0 EOF1 lag1
1862,18.82257843017578,-0.1399588161973109,True,True,False,1989,10.0,-0.36020809973889745,MPI-ESM1-2-LR,AMOC_26N_ensmean,ensmean,so W60p0 EOF1 lag1
1863,18.7718448638916,-0.08776735501286285,True,True,False,1989,10.0,-0.36020809973889745,MPI-ESM1-2-LR,AMOC_26N_ensmean,ensmean,so W60p0 EOF1 lag1
1864,18.47487449645996,-0.11755388406992139,True,True,False,1989,10.0,-0.36020809973889745,MPI-ESM1-2-LR,AMOC_26N_ensmean,ensmean,so W60p0 EOF1 lag1
1865,18.534059524536133,-0.12381003089645626,True,True,False,1989,10.0,-0.36020809973889745,MPI-ESM1-2-LR,AMOC_26N_ensmean,ensmean,so W60p0 EOF1 lag1
1866,18.465036392211914,-0.17568028633111638,True,True,False,1989,10.0,-0.36020809973889745,MPI-ESM1-2-LR,AMOC_26N_ensmean,ensmean,so W60p0 EOF1 lag1
1867,18.49117660522461,-0.18712663066524896,True,True,False,1989,10.0,-0.36020809973889745,MPI-ESM1-2-LR,AMOC_26N_ensmean,ensmean,so W60p0 EOF1 lag1
1868,18.705060958862305,-0.16217900112712072,True,True,False,1989,10.0,-0.36020809973889745,MPI-ESM1-2-LR,AMOC_26N_ensmean,ensmean,so W60p0 EOF1 lag1
1869,18.805200576782227,-0.11117028085650574,True,True,False,1989,10.0,-0.36020809973889745,MPI-ESM1-2-LR,AMOC_26N_ensmean,ensmean,so W60p0 EOF1 lag1
1870,18.63743782043457,-0.07282284261692698,True,True,False,1989,10.0,-0.36020809973889745,MPI-ESM1-2-LR,AMOC_26N_ensmean,ensmean,so W60p0 EOF1 lag1
1871,18.376188278198242,-0.15053666755789014,True,True,False,1989,10.0,-0.36020809973889745,MPI-ESM1-2-LR,AMOC_26N_ensmean,ensmean,so W60p0 EOF1 lag1
1872,18.476224899291992,-0.16949349271943057,True,True,False,1989,10.0,-0.36020809973889745,MPI-ESM1-2-LR,AMOC_26N_ensmean,ensmean,so W60p0 EOF1 lag1
1873,18.85028839111328,-0.1712831698816257,True,True,False,1989,10.0,-0.36020809973889745,MPI-ESM1-2-LR,AMOC_26N_ensmean,ensmean,so W60p0 EOF1 lag1
1874,18.6151123046875,-0.07728214933484845,True,True,False,1989,10.0,-0.36020809973889745,MPI-ESM1-2-LR,AMOC_26N_ensmean,ensmean,so W60p0 EOF1 lag1
1875,18.7650146484375,0.007310497740906742,True,True,False,1989,10.0,-0.36020809973889745,MPI-ESM1-2-LR,AMOC_26N_ensmean,ensmean,so W60p0 EOF1 lag1
1876,18.744346618652344,0.07524224626435783,True,True,False,1989,10.0,-0.36020809973889745,MPI-ESM1-2-LR,AMOC_26N_ensmean,ensmean,so W60p0 EOF1 lag1
1877,18.7955322265625,0.16064316966943243,True,True,False,1989,10.0,-0.36020809973889745,MPI-ESM1-2-LR,AMOC_26N_ensmean,ensmean,so W60p0 EOF1 lag1
1878,18.630895614624023,0.023798161476715474,True,True,False,1989,10.0,-0.36020809973889745,MPI-ESM1-2-LR,AMOC_26N_ensmean,ensmean,so W60p0 EOF1 lag1
1879,18.721965789794922,0.003715766838747378,True,True,False,1989,10.0,-0.36020809973889745,MPI-ESM1-2-LR,AMOC_26N_ensmean,ensmean,so W60p0 EOF1 lag1
1880,18.691781997680664,-0.013707621710614237,True,True,False,1989,10.0,-0.36020809973889745,MPI-ESM1-2-LR,AMOC_26N_ensmean,ensmean,so W60p0 EOF1 lag1
1881,19.04667854309082,0.06753267857905025,True,True,False,1989,10.0,-0.36020809973889745,MPI-ESM1-2-LR,AMOC_26N_ensmean,ensmean,so W60p0 EOF1 lag1
1882,18.581308364868164,0.13498056341325979,True,True,False,1989,10.0,-0.36020809973889745,MPI-ESM1-2-LR,AMOC_26N_ensmean,ensmean,so W60p0 EOF1 lag1
1883,19.145973205566406,0.22192135387219536,True,True,False,1989,10.0,-0.36020809973889745,MPI-ESM1-2-LR,AMOC_26N_ensmean,ensmean,so W60p0 EOF1 lag1
1884,19.297334671020508,0.23883496271457672,True,True,False,1989,10.0,-0.36020809973889745,MPI-ESM1-2-LR,AMOC_26N_ensmean,ensmean,so W60p0 EOF1 lag1
1885,18.811487197875977,0.22054542304013422,True,True,False,1989,10.0,-0.36020809973889745,MPI-ESM1-2-LR,AMOC_26N_ensmean,ensmean,so W60p0 EOF1 lag1
1886,18.765256881713867,0.14255388730200905,True,True,False,1989,10.0,-0.36020809973889745,MPI-ESM1-2-LR,AMOC_26N_ensmean,ensmean,so W60p0 EOF1 lag1
1887,19.321178436279297,0.0003976216107316109,True,True,False,1989,10.0,-0.36020809973889745,MPI-ESM1-2-LR,AMOC_26N_ensmean,ensmean,so W60p0 EOF1 lag1
1888,19.64646339416504,0.03053904809191645,True,True,False,1989,10.0,-0.36020809973889745,MPI-ESM1-2-LR,AMOC_26N_ensmean,ensmean,so W60p0 EOF1 lag1
1889,19.217668533325195,0.09350548461821152,True,True,False,1989,10.0,-0.36020809973889745,MPI-ESM1-2-LR,AMOC_26N_ensmean,ensmean,so W60p0 EOF1 lag1
1890,18.850688934326172,0.05215808535437302,True,True,False,1989,10.0,-0.36020809973889745,MPI-ESM1-2-LR,AMOC_26N_ensmean,ensmean,so W60p0 EOF1 lag1
1891,18.91914939880371,0.007711679556150309,True,True,False,1989,10.0,-0.36020809973889745,MPI-ESM1-2-LR,AMOC_26N_ensmean,ensmean,so W60p0 EOF1 lag1
1892,18.907560348510742,-0.04077755988537736,True,True,False,1989,10.0,-0.36020809973889745,MPI-ESM1-2-LR,AMOC_26N_ensmean,ensmean,so W60p0 EOF1 lag1
1893,18.861669540405273,0.02558096112783131,True,True,False,1989,10.0,-0.36020809973889745,MPI-ESM1-2-LR,AMOC_26N_ensmean,ensmean,so W60p0 EOF1 lag1
1894,18.987703323364258,0.022530523635068356,True,True,False,1989,10.0,-0.36020809973889745,MPI-ESM1-2-LR,AMOC_26N_ensmean,ensmean,so W60p0 EOF1 lag1
1895,19.051076889038086,0.07269634980906034,True,True,False,1989,10.0,-0.36020809973889745,MPI-ESM1-2-LR,AMOC_26N_ensmean,ensmean,so W60p0 EOF1 lag1
1896,18.894283294677734,0.09044324499243495,True,True,False,1989,10.0,-0.36020809973889745,MPI-ESM1-2-LR,AMOC_26N_ensmean,ensmean,so W60p0 EOF1 lag1
1897,18.654163360595703,-0.01961462465909356,True,True,False,1989,10.0,-0.36020809973889745,MPI-ESM1-2-LR,AMOC_26N_ensmean,ensmean,so W60p0 EOF1 lag1
1898,18.694562911987305,0.055971621220665915,True,True,False,1989,10.0,-0.36020809973889745,MPI-ESM1-2-LR,AMOC_26N_ensmean,ensmean,so W60p0 EOF1 lag1
1899,18.886369705200195,0.17543085076851034,True,True,False,1989,10.0,-0.36020809973889745,MPI-ESM1-2-LR,AMOC_26N_ensmean,ensmean,so W60p0 EOF1 lag1
1900,19.023149490356445,0.13070989939474462,True,True,False,1989,10.0,-0.36020809973889745,MPI-ESM1-2-LR,AMOC_26N_ensmean,ensmean,so W60p0 EOF1 lag1
1901,19.10771369934082,0.10095871342895883,True,True,False,1989,10.0,-0.36020809973889745,MPI-ESM1-2-LR,AMOC_26N_ensmean,ensmean,so W60p0 EOF1 lag1
1902,18.80496597290039,0.10159213195096752,True,True,False,1989,10.0,-0.36020809973889745,MPI-ESM1-2-LR,AMOC_26N_ensmean,ensmean,so W60p0 EOF1 lag1
1903,18.540197372436523,0.03186380808948406,True,True,False,1989,10.0,-0.36020809973889745,MPI-ESM1-2-LR,AMOC_26N_ensmean,ensmean,so W60p0 EOF1 lag1
1904,18.775251388549805,0.04842277462724286,True,True,False,1989,10.0,-0.36020809973889745,MPI-ESM1-2-LR,AMOC_26N_ensmean,ensmean,so W60p0 EOF1 lag1
1905,18.891389846801758,0.09436276064878829,True,True,False,1989,10.0,-0.36020809973889745,MPI-ESM1-2-LR,AMOC_26N_ensmean,ensmean,so W60p0 EOF1 lag1
1906,19.32297706604004,0.02305923237146398,True,True,False,1989,10.0,-0.36020809973889745,MPI-ESM1-2-LR,AMOC_26N_ensmean,ensmean,so W60p0 EOF1 lag1
1907,19.04157257080078,0.09936802129123182,True,True,False,1989,10.0,-0.36020809973889745,MPI-ESM1-2-LR,AMOC_26N_ensmean,ensmean,so W60p0 EOF1 lag1
1908,18.90134048461914,0.12472282856461488,True,True,False,1989,10.0,-0.36020809973889745,MPI-ESM1-2-LR,AMOC_26N_ensmean,ensmean,so W60p0 EOF1 lag1
1909,19.074832916259766,0.10508720775411196,True,True,False,1989,10.0,-0.36020809973889745,MPI-ESM1-2-LR,AMOC_26N_ensmean,ensmean,so W60p0 EOF1 lag1
1910,18.974571228027344,0.07218187212971673,True,True,False,1989,10.0,-0.36020809973889745,MPI-ESM1-2-LR,AMOC_26N_ensmean,ensmean,so W60p0 EOF1 lag1
1911,18.972637176513672,0.10047825595864508,True,True,False,1989,10.0,-0.36020809973889745,MPI-ESM1-2-LR,AMOC_26N_ensmean,ensmean,so W60p0 EOF1 lag1
1912,18.717172622680664,0.06583184216964696,True,True,False,1989,10.0,-0.36020809973889745,MPI-ESM1-2-LR,AMOC_26N_ensmean,ensmean,so W60p0 EOF1 lag1
1913,18.751331329345703,0.03959628540131235,True,True,False,1989,10.0,-0.36020809973889745,MPI-ESM1-2-LR,AMOC_26N_ensmean,ensmean,so W60p0 EOF1 lag1
1914,18.71657371520996,0.04237151427689806,True,True,False,1989,10.0,-0.36020809973889745,MPI-ESM1-2-LR,AMOC_26N_ensmean,ensmean,so W60p0 EOF1 lag1
1915,19.090660095214844,0.13547820197138877,True,True,False,1989,10.0,-0.36020809973889745,MPI-ESM1-2-LR,AMOC_26N_ensmean,ensmean,so W60p0 EOF1 lag1
1916,19.367774963378906,-0.01004647295697126,True,True,False,1989,10.0,-0.36020809973889745,MPI-ESM1-2-LR,AMOC_26N_ensmean,ensmean,so W60p0 EOF1 lag1
1917,19.363725662231445,-0.06521651910050762,True,True,False,1989,10.0,-0.36020809973889745,MPI-ESM1-2-LR,AMOC_26N_ensmean,ensmean,so W60p0 EOF1 lag1
1918,19.511384963989258,0.13088475688515264,True,True,False,1989,10.0,-0.36020809973889745,MPI-ESM1-2-LR,AMOC_26N_ensmean,ensmean,so W60p0 EOF1 lag1
1919,18.96562957763672,0.17561757727654115,True,True,False,1989,10.0,-0.36020809973889745,MPI-ESM1-2-LR,AMOC_26N_ensmean,ensmean,so W60p0 EOF1 lag1
1920,18.908382415771484,0.12636616878155904,True,True,False,1989,10.0,-0.36020809973889745,MPI-ESM1-2-LR,AMOC_26N_ensmean,ensmean,so W60p0 EOF1 lag1
1921,19.131940841674805,0.07823518665033019,True,True,False,1989,10.0,-0.36020809973889745,MPI-ESM1-2-LR,AMOC_26N_ensmean,ensmean,so W60p0 EOF1 lag1
1922,19.273799896240234,0.07327494481398256,True,True,False,1989,10.0,-0.36020809973889745,MPI-ESM1-2-LR,AMOC_26N_ensmean,ensmean,so W60p0 EOF1 lag1
1923,19.256481170654297,0.10268950820407684,True,True,False,1989,10.0,-0.36020809973889745,MPI-ESM1-2-LR,AMOC_26N_ensmean,ensmean,so W60p0 EOF1 lag1
1924,19.07489013671875,0.13054300219678242,True,True,False,1989,10.0,-0.36020809973889745,MPI-ESM1-2-LR,AMOC_26N_ensmean,ensmean,so W60p0 EOF1 lag1
1925,18.849092483520508,0.23783842748502124,True,True,False,1989,10.0,-0.36020809973889745,MPI-ESM1-2-LR,AMOC_26N_ensmean,ensmean,so W60p0 EOF1 lag1
1926,19.240734100341797,0.20351319628673983,True,True,False,1989,10.0,-0.36020809973889745,MPI-ESM1-2-LR,AMOC_26N_ensmean,ensmean,so W60p0 EOF1 lag1
1927,19.161865234375,0.28832667323710726,True,True,False,1989,10.0,-0.36020809973889745,MPI-ESM1-2-LR,AMOC_26N_ensmean,ensmean,so W60p0 EOF1 lag1
1928,19.105113983154297,0.14366142986782537,True,True,False,1989,10.0,-0.36020809973889745,MPI-ESM1-2-LR,AMOC_26N_ensmean,ensmean,so W60p0 EOF1 lag1
1929,19.018022537231445,0.010017017762064102,True,True,False,1989,10.0,-0.36020809973889745,MPI-ESM1-2-LR,AMOC_26N_ensmean,ensmean,so W60p0 EOF1 lag1
1930,19.39157485961914,0.03393611687423529,True,True,False,1989,10.0,-0.36020809973889745,MPI-ESM1-2-LR,AMOC_26N_ensmean,ensmean,so W60p0 EOF1 lag1
1931,18.78337287902832,-0.08477309557941755,True,True,False,1989,10.0,-0.36020809973889745,MPI-ESM1-2-LR,AMOC_26N_ensmean,ensmean,so W60p0 EOF1 lag1
1932,18.489933013916016,-0.08678383637739295,True,True,False,1989,10.0,-0.36020809973889745,MPI-ESM1-2-LR,AMOC_26N_ensmean,ensmean,so W60p0 EOF1 lag1
1933,18.544523239135742,-0.03866295185891549,True,True,False,1989,10.0,-0.36020809973889745,MPI-ESM1-2-LR,AMOC_26N_ensmean,ensmean,so W60p0 EOF1 lag1
1934,18.50813865661621,-0.027393245308844252,True,True,False,1989,10.0,-0.36020809973889745,MPI-ESM1-2-LR,AMOC_26N_ensmean,ensmean,so W60p0 EOF1 lag1
1935,18.363109588623047,-0.21801368592446782,True,True,False,1989,10.0,-0.36020809973889745,MPI-ESM1-2-LR,AMOC_26N_ensmean,ensmean,so W60p0 EOF1 lag1
1936,18.595903396606445,-0.17976000766581818,True,True,False,1989,10.0,-0.36020809973889745,MPI-ESM1-2-LR,AMOC_26N_ensmean,ensmean,so W60p0 EOF1 lag1
1937,18.688396453857422,-0.13142315551473147,True,True,False,1989,10.0,-0.36020809973889745,MPI-ESM1-2-LR,AMOC_26N_ensmean,ensmean,so W60p0 EOF1 lag1
1938,18.800695419311523,-0.14224807031083106,True,True,False,1989,10.0,-0.36020809973889745,MPI-ESM1-2-LR,AMOC_26N_ensmean,ensmean,so W60p0 EOF1 lag1
1939,18.47245979309082,-0.188706901026246,True,True,False,1989,10.0,-0.36020809973889745,MPI-ESM1-2-LR,AMOC_26N_ensmean,ensmean,so W60p0 EOF1 lag1
1940,18.452350616455078,-0.22441116242031642,True,True,False,1989,10.0,-0.36020809973889745,MPI-ESM1-2-LR,AMOC_26N_ensmean,ensmean,so W60p0 EOF1 lag1
1941,18.25520896911621,-0.2590454583743486,True,True,False,1989,10.0,-0.36020809973889745,MPI-ESM1-2-LR,AMOC_26N_ensmean,ensmean,so W60p0 EOF1 lag1
1942,18.291675567626953,-0.23741946162763042,True,True,False,1989,10.0,-0.36020809973889745,MPI-ESM1-2-LR,AMOC_26N_ensmean,ensmean,so W60p0 EOF1 lag1
1943,18.39457130432129,-0.29728475813137545,True,True,False,1989,10.0,-0.36020809973889745,MPI-ESM1-2-LR,AMOC_26N_ensmean,ensmean,so W60p0 EOF1 lag1
1944,18.501386642456055,-0.1868050060498233,True,True,False,1989,10.0,-0.36020809973889745,MPI-ESM1-2-LR,AMOC_26N_ensmean,ensmean,so W60p0 EOF1 lag1
1945,18.49646759033203,-0.19433263414395055,True,True,False,1989,10.0,-0.36020809973889745,MPI-ESM1-2-LR,AMOC_26N_ensmean,ensmean,so W60p0 EOF1 lag1
1946,18.29960823059082,-0.1432159642335614,True,True,False,1989,10.0,-0.36020809973889745,MPI-ESM1-2-LR,AMOC_26N_ensmean,ensmean,so W60p0 EOF1 lag1
1947,18.61974334716797,-0.17851743606822507,True,True,False,1989,10.0,-0.36020809973889745,MPI-ESM1-2-LR,AMOC_26N_ensmean,ensmean,so W60p0 EOF1 lag1
1948,18.47041893005371,-0.2246042559283064,True,True,False,1989,10.0,-0.36020809973889745,MPI-ESM1-2-LR,AMOC_26N_ensmean,ensmean,so W60p0 EOF1 lag1
1949,18.49431610107422,-0.052614777739097555,True,True,False,1989,10.0,-0.36020809973889745,MPI-ESM1-2-LR,AMOC_26N_ensmean,ensmean,so W60p0 EOF1 lag1
1950,18.552471160888672,-0.11140438606037856,True,True,False,1989,10.0,-0.36020809973889745,MPI-ESM1-2-LR,AMOC_26N_ensmean,ensmean,so W60p0 EOF1 lag1
1951,18.261754989624023,-0.006496011109578224,True,True,False,1989,10.0,-0.36020809973889745,MPI-ESM1-2-LR,AMOC_26N_ensmean,ensmean,so W60p0 EOF1 lag1
1952,18.350309371948242,0.04714277291729329,True,True,False,1989,10.0,-0.36020809973889745,MPI-ESM1-2-LR,AMOC_26N_ensmean,ensmean,so W60p0 EOF1 lag1
1953,18.480127334594727,0.14957435343529485,True,True,False,1989,10.0,-0.36020809973889745,MPI-ESM1-2-LR,AMOC_26N_ensmean,ensmean,so W60p0 EOF1 lag1
1954,18.700979232788086,0.2030420800098728,True,True,False,1989,10.0,-0.36020809973889745,MPI-ESM1-2-LR,AMOC_26N_ensmean,ensmean,so W60p0 EOF1 lag1
1955,18.67379379272461,0.1102262126376355,True,True,False,1989,10.0,-0.36020809973889745,MPI-ESM1-2-LR,AMOC_26N_ensmean,ensmean,so W60p0 EOF1 lag1
1956,18.598949432373047,0.1433273230522695,True,True,False,1989,10.0,-0.36020809973889745,MPI-ESM1-2-LR,AMOC_26N_ensmean,ensmean,so W60p0 EOF1 lag1
1957,18.553247451782227,0.12933080462543042,True,True,False,1989,10.0,-0.36020809973889745,MPI-ESM1-2-LR,AMOC_26N_ensmean,ensmean,so W60p0 EOF1 lag1
1958,18.341060638427734,0.1645113501325753,True,True,False,1989,10.0,-0.36020809973889745,MPI-ESM1-2-LR,AMOC_26N_ensmean,ensmean,so W60p0 EOF1 lag1
1959,18.397335052490234,0.12444688111571456,True,True,False,1989,10.0,-0.36020809973889745,MPI-ESM1-2-LR,AMOC_26N_ensmean,ensmean,so W60p0 EOF1 lag1
1960,18.50682258605957,0.08850069762434302,True,True,False,1989,10.0,-0.36020809973889745,MPI-ESM1-2-LR,AMOC_26N_ensmean,ensmean,so W60p0 EOF1 lag1
1961,18.56439971923828,-0.04361999963853857,True,True,False,1989,10.0,-0.36020809973889745,MPI-ESM1-2-LR,AMOC_26N_ensmean,ensmean,so W60p0 EOF1 lag1
1962,18.54525375366211,-0.13535816603174886,True,True,False,1989,10.0,-0.36020809973889745,MPI-ESM1-2-LR,AMOC_26N_ensmean,ensmean,so W60p0 EOF1 lag1
1963,18.571073532104492,-0.13706479249870732,True,True,False,1989,10.0,-0.36020809973889745,MPI-ESM1-2-LR,AMOC_26N_ensmean,ensmean,so W60p0 EOF1 lag1
1964,18.352399826049805,-0.01604844852092157,True,True,False,1989,10.0,-0.36020809973889745,MPI-ESM1-2-LR,AMOC_26N_ensmean,ensmean,so W60p0 EOF1 lag1
1965,18.53154945373535,-0.10472897751932785,True,True,False,1989,10.0,-0.36020809973889745,MPI-ESM1-2-LR,AMOC_26N_ensmean,ensmean,so W60p0 EOF1 lag1
1966,18.355913162231445,-0.07844380409134262,True,True,False,1989,10.0,-0.36020809973889745,MPI-ESM1-2-LR,AMOC_26N_ensmean,ensmean,so W60p0 EOF1 lag1
1967,18.655866622924805,-0.09207344310322642,True,True,False,1989,10.0,-0.36020809973889745,MPI-ESM1-2-LR,AMOC_26N_ensmean,ensmean,so W60p0 EOF1 lag1
1968,18.364545822143555,-0.08593777652769849,True,True,False,1989,10.0,-0.36020809973889745,MPI-ESM1-2-LR,AMOC_26N_ensmean,ensmean,so W60p0 EOF1 lag1
1969,18.693906784057617,0.010053719225136527,True,True,False,1989,10.0,-0.36020809973889745,MPI-ESM1-2-LR,AMOC_26N_ensmean,ensmean,so W60p0 EOF1 lag1
1970,18.74458885192871,0.036267393700772456,True,True,False,1989,10.0,-0.36020809973889745,MPI-ESM1-2-LR,AMOC_26N_ensmean,ensmean,so W60p0 EOF1 lag1
1971,18.693538665771484,-0.015723935989095345,True,True,False,1989,10.0,-0.36020809973889745,MPI-ESM1-2-LR,AMOC_26N_ensmean,ensmean,so W60p0 EOF1 lag1
1972,18.629064559936523,-0.0365971485979264,True,True,False,1989,10.0,-0.36020809973889745,MPI-ESM1-2-LR,AMOC_26N_ensmean,ensmean,so W60p0 EOF1 lag1
1973,18.490480422973633,0.012358539218770637,True,True,False,1989,10.0,-0.36020809973889745,MPI-ESM1-2-LR,AMOC_26N_ensmean,ensmean,so W60p0 EOF1 lag1
1974,18.80561065673828,-0.07073731339551567,True,True,False,1989,10.0,-0.36020809973889745,MPI-ESM1-2-LR,AMOC_26N_ensmean,ensmean,so W60p0 EOF1 lag1
1975,18.441308975219727,-0.014759892397211318,True,True,False,1989,10.0,-0.36020809973889745,MPI-ESM1-2-LR,AMOC_26N_ensmean,ensmean,so W60p0 EOF1 lag1
1976,18.587547302246094,-0.0876564969665767,True,True,False,1989,10.0,-0.36020809973889745,MPI-ESM1-2-LR,AMOC_26N_ensmean,ensmean,so W60p0 EOF1 lag1
1977,18.593008041381836,-0.04179131724150364,True,True,False,1989,10.0,-0.36020809973889745,MPI-ESM1-2-LR,AMOC_26N_ensmean,ensmean,so W60p0 EOF1 lag1
1978,18.742868423461914,-0.06297207112961827,True,True,False,1989,10.0,-0.36020809973889745,MPI-ESM1-2-LR,AMOC_26N_ensmean,ensmean,so W60p0 EOF1 lag1
1979,18.519710540771484,-0.012978825682809345,True,True,False,1989,10.0,-0.36020809973889745,MPI-ESM1-2-LR,AMOC_26N_ensmean,ensmean,so W60p0 EOF1 lag1
1980,18.5212459564209,-0.011065466191510718,True,True,False,1989,10.0,-0.36020809973889745,MPI-ESM1-2-LR,AMOC_26N_ensmean,ensmean,so W60p0 EOF1 lag1
1981,18.541120529174805,0.04727840666328975,True,True,False,1989,10.0,-0.36020809973889745,MPI-ESM1-2-LR,AMOC_26N_ensmean,ensmean,so W60p0 EOF1 lag1
1982,18.68384552001953,0.008625588861642068,True,True,False,1989,10.0,-0.36020809973889745,MPI-ESM1-2-LR,AMOC_26N_ensmean,ensmean,so W60p0 EOF1 lag1
1983,18.512659072875977,0.04333735109444198,True,True,False,1989,10.0,-0.36020809973889745,MPI-ESM1-2-LR,AMOC_26N_ensmean,ensmean,so W60p0 EOF1 lag1
1984,18.95337677001953,0.04511972586979714,True,True,False,1989,10.0,-0.36020809973889745,MPI-ESM1-2-LR,AMOC_26N_ensmean,ensmean,so W60p0 EOF1 lag1
1985,18.581783294677734,0.05734271255042847,True,True,False,1989,10.0,-0.36020809973889745,MPI-ESM1-2-LR,AMOC_26N_ensmean,ensmean,so W60p0 EOF1 lag1
1986,18.589570999145508,0.02348229849139732,True,True,False,1989,10.0,-0.36020809973889745,MPI-ESM1-2-LR,AMOC_26N_ensmean,ensmean,so W60p0 EOF1 lag1
1987,18.334468841552734,0.02995255041842553,True,True,False,1989,10.0,-0.36020809973889745,MPI-ESM1-2-LR,AMOC_26N_ensmean,ensmean,so W60p0 EOF1 lag1
1988,18.793800354003906,0.039166975087603265,True,True,False,1989,10.0,-0.36020809973889745,MPI-ESM1-2-LR,AMOC_26N_ensmean,ensmean,so W60p0 EOF1 lag1
1989,18.8369140625,0.14015285055272184,True,True,False,1989,10.0,-0.36020809973889745,MPI-ESM1-2-LR,AMOC_26N_ensmean,ensmean,so W60p0 EOF1 lag1
1990,18.49889373779297,0.16650660087056823,True,False,True,1989,10.0,-0.36020809973889745,MPI-ESM1-2-LR,AMOC_26N_ensmean,ensmean,so W60p0 EOF1 lag1
1991,18.59214210510254,0.05893248819555393,True,False,True,1989,10.0,-0.36020809973889745,MPI-ESM1-2-LR,AMOC_26N_ensmean,ensmean,so W60p0 EOF1 lag1
1992,18.56676483154297,-0.02684024033457659,True,False,True,1989,10.0,-0.36020809973889745,MPI-ESM1-2-LR,AMOC_26N_ensmean,ensmean,so W60p0 EOF1 lag1
1993,18.720884323120117,-0.00048272633959974784,True,False,True,1989,10.0,-0.36020809973889745,MPI-ESM1-2-LR,AMOC_26N_ensmean,ensmean,so W60p0 EOF1 lag1
1994,18.78769302368164,-0.06252005013153868,True,False,True,1989,10.0,-0.36020809973889745,MPI-ESM1-2-LR,AMOC_26N_ensmean,ensmean,so W60p0 EOF1 lag1
1995,18.45398712158203,-0.14372513102850734,True,False,True,1989,10.0,-0.36020809973889745,MPI-ESM1-2-LR,AMOC_26N_ensmean,ensmean,so W60p0 EOF1 lag1
1996,18.431215286254883,-0.032815267407610135,True,False,True,1989,10.0,-0.36020809973889745,MPI-ESM1-2-LR,AMOC_26N_ensmean,ensmean,so W60p0 EOF1 lag1
1997,18.509862899780273,-0.11157140591839286,True,False,True,1989,10.0,-0.36020809973889745,MPI-ESM1-2-LR,AMOC_26N_ensmean,ensmean,so W60p0 EOF1 lag1
1998,18.410547256469727,-0.048654944513805594,True,False,True,1989,10.0,-0.36020809973889745,MPI-ESM1-2-LR,AMOC_26N_ensmean,ensmean,so W60p0 EOF1 lag1
1999,18.317066192626953,0.11518193804321315,True,False,True,1989,10.0,-0.36020809973889745,MPI-ESM1-2-LR,AMOC_26N_ensmean,ensmean,so W60p0 EOF1 lag1
2000,18.276018142700195,0.05271864206007317,True,False,True,1989,10.0,-0.36020809973889745,MPI-ESM1-2-LR,AMOC_26N_ensmean,ensmean,so W60p0 EOF1 lag1
2001,18.03203773498535,0.11979073959784813,True,False,True,1989,10.0,-0.36020809973889745,MPI-ESM1-2-LR,AMOC_26N_ensmean,ensmean,so W60p0 EOF1 lag1
2002,18.076709747314453,0.034967116717314874,True,False,True,1989,10.0,-0.36020809973889745,MPI-ESM1-2-LR,AMOC_26N_ensmean,ensmean,so W60p0 EOF1 lag1
2003,18.485347747802734,-0.0039852505745318735,True,False,True,1989,10.0,-0.36020809973889745,MPI-ESM1-2-LR,AMOC_26N_ensmean,ensmean,so W60p0 EOF1 lag1
2004,18.141279220581055,-0.12356440819344769,True,False,True,1989,10.0,-0.36020809973889745,MPI-ESM1-2-LR,AMOC_26N_ensmean,ensmean,so W60p0 EOF1 lag1
2005,18.36814308166504,-0.021690845482620194,True,False,True,1989,10.0,-0.36020809973889745,MPI-ESM1-2-LR,AMOC_26N_ensmean,ensmean,so W60p0 EOF1 lag1
2006,18.291118621826172,-0.06094304071963286,True,False,True,1989,10.0,-0.36020809973889745,MPI-ESM1-2-LR,AMOC_26N_ensmean,ensmean,so W60p0 EOF1 lag1
2007,17.936555862426758,-0.014855495003304938,True,False,True,1989,10.0,-0.36020809973889745,MPI-ESM1-2-LR,AMOC_26N_ensmean,ensmean,so W60p0 EOF1 lag1
2008,17.902544021606445,-0.0766336782995909,True,False,True,1989,10.0,-0.36020809973889745,MPI-ESM1-2-LR,AMOC_26N_ensmean,ensmean,so W60p0 EOF1 lag1
2009,17.94553565979004,-0.15564830776419844,True,False,True,1989,10.0,-0.36020809973889745,MPI-ESM1-2-LR,AMOC_26N_ensmean,ensmean,so W60p0 EOF1 lag1
2010,17.941911697387695,-0.27213559145448546,True,False,True,1989,10.0,-0.36020809973889745,MPI-ESM1-2-LR,AMOC_26N_ensmean,ensmean,so W60p0 EOF1 lag1
2011,17.459430694580078,-0.1824390854484357,True,False,True,1989,10.0,-0.36020809973889745,MPI-ESM1-2-LR,AMOC_26N_ensmean,ensmean,so W60p0 EOF1 lag1
2012,17.653507232666016,-0.3039107609479602,True,False,True,1989,10.0,-0.36020809973889745,MPI-ESM1-2-LR,AMOC_26N_ensmean,ensmean,so W60p0 EOF1 lag1
2013,17.650379180908203,-0.37768419181086815,True,False,True,1989,10.0,-0.36020809973889745,MPI-ESM1-2-LR,AMOC_26N_ensmean,ensmean,so W60p0 EOF1 lag1
2014,17.720365524291992,-0.37450188225328485,True,False,True,1989,10.0,-0.36020809973889745,MPI-ESM1-2-LR,AMOC_26N_ensmean,ensmean,so W60p0 EOF1 lag1
