N_seeds,W,alpha,mean_val_r2,std_val_r2,mean_val_corr,mean_val_var_ratio,mean_n_features,mean_max_lag,n_folds_used,gap_used,trim_val_start_by,y_transform,pc_transform,score
15,2,10.0,-0.6101063624099026,0.9656473212759549,0.48385410061636414,1.0146016090421843,33.333333333333336,18.333333333333332,6,0,maxlag,detrend,detrend,0.4736329742868351
10,2,1.0,-0.8854798482845551,0.8417482868043241,0.4493437587458365,0.9642041050349045,26.333333333333332,18.0,6,0,maxlag,detrend,detrend,0.42428663227026964
10,2,0.3,-1.0057841793220283,0.8633798076034728,0.42536243822721254,1.0109534913491733,26.333333333333332,18.0,6,0,maxlag,detrend,detrend,0.4176949942827912
15,2,3.0,-0.7453254763847376,1.0094107930099891,0.4840925035924409,1.1007503350475776,33.333333333333336,18.333333333333332,6,0,maxlag,detrend,detrend,0.4135672690591366
10,2,3.0,-0.7421540755943079,0.8232187387668413,0.47677182921398903,0.9048618839712469,26.333333333333332,18.0,6,0,maxlag,detrend,detrend,0.41017514799386184
15,2,30.0,-0.5431610206347514,0.9106205527359512,0.4483886376869075,0.93862422973241,33.333333333333336,18.333333333333332,6,0,maxlag,detrend,detrend,0.40542559849959453
5,2,1.0,-0.9941334578983305,0.7001143721189268,0.40458856707318286,0.9996923744537032,15.0,16.0,6,0,maxlag,detrend,detrend,0.40437322919077506
5,2,0.3,-1.017403597687642,0.7251325513155995,0.4047709805808202,1.0107484033921812,15.0,16.0,6,0,maxlag,detrend,detrend,0.3972470982062934
5,2,0.1,-1.0266408324528709,0.7340935854483417,0.4043100950728807,1.0143325853190792,15.0,16.0,6,0,maxlag,detrend,detrend,0.3942772853495252
5,2,0.03,-1.030354490955552,0.737317364582652,0.4040291034583903,1.0156057756208938,15.0,16.0,6,0,maxlag,detrend,detrend,0.39310506052376465
5,2,0.01,-1.031480864953849,0.7382263949786686,0.4039305704905618,1.0159679942621669,15.0,16.0,6,0,maxlag,detrend,detrend,0.392752974507045
5,2,0.003,-1.0318832445102208,0.738541756634807,0.4038936948767078,1.0160943979657537,15.0,16.0,6,0,maxlag,detrend,detrend,0.39262761630068016
5,2,0.001,-1.0319990341101841,0.7386315343165352,0.4038829135217421,1.0161304703172915,15.0,16.0,6,0,maxlag,detrend,detrend,0.39259158429963803
5,2,0.0003,-1.0320396488318855,0.7386629200224643,0.40387911358073,1.0161430908436933,15.0,16.0,6,0,maxlag,detrend,detrend,0.3925789499901447
5,2,0.0001,-1.0320512615075141,0.7386718838250483,0.4038780253422643,1.0161466962433154,15.0,16.0,6,0,maxlag,detrend,detrend,0.3925753379719435
10,2,0.1,-1.062544699317262,0.8770347225950316,0.4148003925509249,1.0325616168716019,26.333333333333332,18.0,6,0,maxlag,detrend,detrend,0.39200726074080355
20,2,30.0,-0.57063406968722,0.898055795419469,0.3960784013367697,0.9830419084666552,41.0,18.333333333333332,6,0,maxlag,detrend,detrend,0.38420773726342833
5,2,3.0,-0.9620542924012107,0.6615501917244331,0.399428771357615,0.9778588308952828,15.0,16.0,6,0,maxlag,detrend,detrend,0.383929952984313
10,2,0.03,-1.0873986498097177,0.8839040177405707,0.41031265948396456,1.0421579257628504,26.333333333333332,18.0,6,0,maxlag,detrend,detrend,0.3808021114499693
10,2,0.01,-1.0951634500132925,0.8861717396307167,0.4089230331563564,1.0451952755986798,26.333333333333332,18.0,6,0,maxlag,detrend,detrend,0.3772863402372806
10,2,0.003,-1.0979606871811864,0.8870032015832445,0.40842351541731,1.0462955098036357,26.333333333333332,18.0,6,0,maxlag,detrend,detrend,0.37601665855476496
10,2,0.001,-1.098767803549749,0.887244548828463,0.4082794775189704,1.0466136211127843,26.333333333333332,18.0,6,0,maxlag,detrend,detrend,0.3756499427400214
10,2,0.0003,-1.0990511365358597,0.8873294249816203,0.408228923298227,1.0467253630592503,26.333333333333332,18.0,6,0,maxlag,detrend,detrend,0.37552116915675177
10,2,0.0001,-1.0991321693846878,0.887353714048961,0.4082144657374223,1.0467573279530369,26.333333333333332,18.0,6,0,maxlag,detrend,detrend,0.3754843361702965
20,2,10.0,-0.6062509179087767,0.9521657298212225,0.42491993250290566,1.0738595824057067,41.0,18.333333333333332,6,0,maxlag,detrend,detrend,0.373218224818911
10,2,10.0,-0.62731967205154,0.7951535931490809,0.47007031941732547,0.8561708386387384,26.333333333333332,18.0,6,0,maxlag,detrend,detrend,0.36938990646444236
30,2,10.0,-0.837844596170651,0.9410385439264128,0.3749799316372561,1.013163236224327,57.666666666666664,19.0,6,0,maxlag,detrend,detrend,0.3657656662802272
15,2,1.0,-0.8787754521207728,1.0557034620417325,0.4684311186306133,1.1634699007495264,33.333333333333336,18.333333333333332,6,0,maxlag,detrend,detrend,0.35400218810594486
15,0,0.0001,-0.8988814251943419,1.0569205504410695,0.3621863415920936,0.978138284919333,15.0,16.333333333333332,6,0,maxlag,detrend,detrend,0.3468831410356267
15,0,0.0003,-0.8988670736331263,1.0569161564544345,0.3621883511583501,0.9781310892630972,15.0,16.333333333333332,6,0,maxlag,detrend,detrend,0.34688011364251814
15,0,0.001,-0.8988168874600507,1.0569007654723084,0.3621953710326337,0.9781059377164004,15.0,16.333333333333332,6,0,maxlag,detrend,detrend,0.34686952743411403
15,0,0.003,-0.8986738758694877,1.0568566897956244,0.36221531211221264,0.9780343596126798,15.0,16.333333333333332,6,0,maxlag,detrend,detrend,0.3468393638410885
15,0,0.01,-0.8981776567752924,1.0567013041463549,0.36228379139548633,0.9777870842686753,15.0,16.333333333333332,6,0,maxlag,detrend,detrend,0.34673475038355905
20,1,30.0,-0.6788594269593279,0.9008778927259121,0.3517888948597086,1.0075817781555685,31.666666666666668,17.333333333333332,6,0,maxlag,detrend,detrend,0.34648165015081067
15,0,0.03,-0.8967949605193114,1.056249192021056,0.36246901477763355,0.9771069989730666,15.0,16.333333333333332,6,0,maxlag,detrend,detrend,0.34644391405878017
15,0,0.1,-0.8923025818105331,1.0546132113918718,0.3630209583333137,0.9749885964847887,15.0,16.333333333333332,6,0,maxlag,detrend,detrend,0.34551297587266583
30,1,30.0,-0.7960577176376521,0.9146556688643893,0.3614378155008293,0.9751081919683241,44.666666666666664,18.0,6,0,maxlag,detrend,detrend,0.3440135498786562
15,0,0.3,-0.881485471084778,1.0499541178431495,0.3641226923732186,0.970429126555977,15.0,16.333333333333332,6,0,maxlag,detrend,detrend,0.3434230809624025
15,1,30.0,-0.6634294409894854,0.9619565288086098,0.3669936167778498,0.9656465703959912,25.0,17.333333333333332,6,0,maxlag,detrend,detrend,0.34294621605504366
40,1,10.0,-0.631540629620886,0.762586997936544,0.3859338686050177,1.0629206754731644,57.0,18.666666666666668,6,0,maxlag,detrend,detrend,0.3418893957738027
15,0,1.0,-0.8542252307389724,1.0359755836795321,0.36607101602836484,0.9612765187426661,15.0,16.333333333333332,6,0,maxlag,detrend,detrend,0.3389645791482311
5,2,10.0,-0.9429670643508049,0.6212485200579181,0.37879451403661696,0.9408040115555621,15.0,16.0,6,0,maxlag,detrend,detrend,0.33735732212551045
30,2,30.0,-0.7830016571041757,0.9190576867570414,0.386519352249864,0.9215429793141815,57.666666666666664,19.0,6,0,maxlag,detrend,detrend,0.33159943776979106
15,1,10.0,-0.7826156045750293,1.0386524453370463,0.38607544290389884,1.079830037261545,25.0,17.333333333333332,6,0,maxlag,detrend,detrend,0.3301944168208173
15,0,3.0,-0.804554796103513,1.004665629303344,0.3672499637680437,0.946214189345722,15.0,16.333333333333332,6,0,maxlag,detrend,detrend,0.3295998963100491
40,2,3.0,-0.8016989423983144,0.9408487211522581,0.3445455463551119,1.0285515251986974,72.66666666666667,19.666666666666668,6,0,maxlag,detrend,detrend,0.32455947871602375
40,1,30.0,-0.5614878447817339,0.7698051148621636,0.3791406516183464,0.9210459278821398,57.0,18.666666666666668,6,0,maxlag,detrend,detrend,0.32387280113584427
20,0,10.0,-0.7390349393568626,0.9747955233135571,0.339415652461534,0.9757664463188127,20.0,16.333333333333332,6,0,maxlag,detrend,detrend,0.3224521648847029
20,2,3.0,-0.718235679761715,0.9902433096980549,0.4291312108925975,1.1631182026559665,41.0,18.333333333333332,6,0,maxlag,detrend,detrend,0.3149484690334209
40,2,10.0,-0.5840615576807641,0.8074851089477865,0.3795912217412603,0.9020058979773862,72.66666666666667,19.666666666666668,6,0,maxlag,detrend,detrend,0.31099535032543063
15,2,0.3,-0.9961433808756746,1.1065209713094586,0.45270469905326327,1.2099654595907559,33.333333333333336,18.333333333333332,6,0,maxlag,detrend,detrend,0.3057288773397342
15,0,10.0,-0.7145661974236898,0.9237406907078,0.3621473589565554,0.9079691970852721,15.0,16.333333333333332,6,0,maxlag,detrend,detrend,0.2977257969162459
10,1,1.0,-0.859551617154452,0.9098487770284693,0.36460295450895286,0.9033447510249658,19.0,17.0,6,0,maxlag,detrend,detrend,0.29694428022642894
10,2,30.0,-0.6044517305259157,0.7559001248987492,0.4179741817574132,0.8270335806874911,26.333333333333332,18.0,6,0,maxlag,detrend,detrend,0.296897688238657
10,1,3.0,-0.8180095236104096,0.9086954376899551,0.3760936649283911,0.8855472712464975,19.0,17.0,6,0,maxlag,detrend,detrend,0.2959767548009393
20,0,3.0,-0.8258931983139188,1.0312871942981279,0.3257659434615325,1.0436749906644576,20.0,16.333333333333332,6,0,maxlag,detrend,detrend,0.29519344999641217
10,1,0.3,-0.8897878635229365,0.9061148830250157,0.3527274797822693,0.9157591149381914,19.0,17.0,6,0,maxlag,detrend,detrend,0.2937588602390033
10,1,0.1,-0.9036788175032875,0.9034215833754793,0.3467379173860902,0.9219844222063669,19.0,17.0,6,0,maxlag,detrend,detrend,0.29212701293054705
10,1,0.03,-0.9098794878844206,0.9017996823197384,0.3439620468656528,0.9249674588271938,19.0,17.0,6,0,maxlag,detrend,detrend,0.29143926804468845
10,1,0.01,-0.9118501689125997,0.9012083060547138,0.3430662163598117,0.9259459310012063,19.0,17.0,6,0,maxlag,detrend,detrend,0.2912283680606561
10,1,0.003,-0.912565205974551,0.9009835077152853,0.3427395419451463,0.9263046878424895,19.0,17.0,6,0,maxlag,detrend,detrend,0.29115282343488896
10,1,0.001,-0.912772069833162,0.9009174183683143,0.3426448711651637,0.9264088502315199,19.0,17.0,6,0,maxlag,detrend,detrend,0.2911310663272276
10,1,0.0003,-0.912844747778491,0.9008940853415244,0.3426115929916933,0.9264454855336024,19.0,17.0,6,0,maxlag,detrend,detrend,0.29112343286521497
10,1,0.0001,-0.9128655393283478,0.9008873993618776,0.34260207119136127,0.9264559698798934,19.0,17.0,6,0,maxlag,detrend,detrend,0.2911212501072867
5,1,0.0001,-0.9072053995452599,0.6104801326213064,0.331518804555838,0.9378126363333785,10.666666666666666,15.0,6,0,maxlag,detrend,detrend,0.28798764998920295
5,1,0.0003,-0.9072065740248739,0.6104812748254014,0.3315180744527793,0.93781054181514,10.666666666666666,15.0,6,0,maxlag,detrend,detrend,0.2879854537233773
5,1,0.001,-0.9072106903563334,0.6104852658757978,0.33151551433937704,0.9378032150500765,10.666666666666666,15.0,6,0,maxlag,detrend,detrend,0.28797776487443055
5,1,0.003,-0.9072224993375796,0.6104966122993631,0.33150815939205547,0.9377823160478082,10.666666666666666,15.0,6,0,maxlag,detrend,detrend,0.2879557806255212
5,1,0.01,-0.9072643752693063,0.610535685272886,0.3314819616627182,0.9377095698022065,10.666666666666666,15.0,6,0,maxlag,detrend,detrend,0.2878786605242628
5,1,0.03,-0.9073883106674684,0.6106423261876818,0.3314035675205283,0.9375050653437761,10.666666666666666,15.0,6,0,maxlag,detrend,detrend,0.28765711326117155
5,1,0.1,-0.9078605347005367,0.6109719504262621,0.3310988717506444,0.936825090204311,10.666666666666666,15.0,6,0,maxlag,detrend,detrend,0.2868764348936621
5,1,0.3,-0.9093759922798164,0.6117354909876801,0.3301205619322874,0.9351253549315408,10.666666666666666,15.0,6,0,maxlag,detrend,detrend,0.28470831038436595
10,0,0.0001,-0.7499760524462721,0.8310992447534509,0.38385625411201524,0.8542116937354981,10.0,16.0,6,0,maxlag,detrend,detrend,0.2818044397268639
10,0,0.0003,-0.7499738472234272,0.8310952391339318,0.38385552982998505,0.8542090995218635,10.0,16.0,6,0,maxlag,detrend,detrend,0.28180189949528955
10,0,0.001,-0.749966129925073,0.8310812240405643,0.38385299529179057,0.8542000243354946,10.0,16.0,6,0,maxlag,detrend,detrend,0.2817930123266368
10,0,0.003,-0.749944088950758,0.8310412200014747,0.38384575758858946,0.8541741342286239,10.0,16.0,6,0,maxlag,detrend,detrend,0.28176765154862615
10,0,0.01,-0.7498670454891103,0.8309016568732257,0.38382046984796453,0.8540839699468123,10.0,16.0,6,0,maxlag,detrend,detrend,0.2816792488107332
10,0,0.03,-0.7496478112164929,0.8305066473698641,0.38374858529784905,0.8538301279340167,10.0,16.0,6,0,maxlag,detrend,detrend,0.28142967485166076
15,2,0.1,-1.0569482107188444,1.1321952837893954,0.44513462945485144,1.2344436540679105,33.333333333333336,18.333333333333332,6,0,maxlag,detrend,detrend,0.28102407160731413
10,0,0.1,-0.7488919495482884,0.8291634413213325,0.3835007961579438,0.8529822571043603,10.0,16.0,6,0,maxlag,detrend,detrend,0.28058837613099596
10,0,0.3,-0.7468462308073214,0.8255799367903986,0.3828160943558325,0.8508402652811417,10.0,16.0,6,0,maxlag,detrend,detrend,0.2784042800526317
5,1,1.0,-0.9149358706315946,0.6139912195438768,0.32682967535268725,0.93077102068952,10.666666666666666,15.0,6,0,maxlag,detrend,detrend,0.27836938983535126
5,2,30.0,-0.9706845182882198,0.6011851544161783,0.34165931883221257,0.9013760936371026,15.0,16.0,6,0,maxlag,detrend,detrend,0.2726225843781844
10,0,1.0,-0.74103090665187,0.814510054031216,0.3805184657786566,0.8452543149090145,10.0,16.0,6,0,maxlag,detrend,detrend,0.2721964862149667
10,1,10.0,-0.7725100873922791,0.8705878956732837,0.3691159568926839,0.8606437023009859,19.0,17.0,6,0,maxlag,detrend,detrend,0.27156654850337403
30,0,30.0,-0.8858513192148703,0.9441895234886056,0.30982182355688037,0.9448623170135825,30.0,17.0,6,0,maxlag,detrend,detrend,0.2712254454663881
15,2,0.03,-1.085253580777284,1.1427963459326396,0.4418470616632224,1.2465361548635534,33.333333333333336,18.333333333333332,6,0,maxlag,detrend,detrend,0.26927175325873504
40,2,30.0,-0.5107665794599544,0.7390325450987406,0.395125710315382,0.8180968973470378,72.66666666666667,19.666666666666668,6,0,maxlag,detrend,detrend,0.2677935384583085
30,2,3.0,-0.99247786297021,0.9863436497534378,0.3394889078109573,1.1036420701005074,57.666666666666664,19.0,6,0,maxlag,detrend,detrend,0.2669394587406021
20,1,10.0,-0.7961301542737113,0.9583301464546353,0.3648373762743462,1.1400619533931424,31.666666666666668,17.333333333333332,6,0,maxlag,detrend,detrend,0.2667940088991465
5,1,3.0,-0.9287435690947028,0.6191045387837285,0.3199449007034885,0.9233284128674658,10.666666666666666,15.0,6,0,maxlag,detrend,detrend,0.2662747897107146
15,2,0.01,-1.094377620664374,1.1459163175530058,0.4408241855569404,1.2505696822865857,33.333333333333336,18.333333333333332,6,0,maxlag,detrend,detrend,0.2654254079563304
15,2,0.003,-1.0977026313393656,1.147009896771401,0.44045613124792854,1.252058178975481,33.333333333333336,18.333333333333332,6,0,maxlag,detrend,detrend,0.2640154059650919
15,2,0.001,-1.0986659962993641,1.1473221350721827,0.4403499717283536,1.2524913739422308,33.333333333333336,18.333333333333332,6,0,maxlag,detrend,detrend,0.2636060099687921
15,2,0.0003,-1.0990046087267025,1.1474313811811818,0.44031270911530623,1.2526438458814557,33.333333333333336,18.333333333333332,6,0,maxlag,detrend,detrend,0.26346201699828725
15,2,0.0001,-1.0991014927013003,1.1474625903543487,0.44030205243639475,1.2526874912781016,33.333333333333336,18.333333333333332,6,0,maxlag,detrend,detrend,0.2634208085417236
30,1,10.0,-0.9156874420683206,0.946889117523202,0.35235461880575497,1.1324951793088547,44.666666666666664,18.0,6,0,maxlag,detrend,detrend,0.2596079932895567
10,0,3.0,-0.73174237803515,0.7874265017429002,0.3742162337786283,0.835432506233044,10.0,16.0,6,0,maxlag,detrend,detrend,0.25901898814175905
20,0,30.0,-0.6782670545758697,0.8580608326082733,0.33636228445129707,0.8880369839484805,20.0,16.333333333333332,6,0,maxlag,detrend,detrend,0.25798817321523343
40,1,3.0,-0.7689408554921817,0.7792737076319131,0.3815075488146569,1.1800103165819709,57.0,18.666666666666668,6,0,maxlag,detrend,detrend,0.25550032720727733
20,2,1.0,-0.8564907319281451,1.0344350883288025,0.41770381950064284,1.2330971611411632,41.0,18.333333333333332,6,0,maxlag,detrend,detrend,0.2545358067018286
5,0,0.0001,-1.0029113067064044,0.7107994669398437,0.2982687457765114,0.937384848248162,5.0,14.0,6,0,maxlag,detrend,detrend,0.2544381395502249
5,0,0.0003,-1.0029131742921786,0.7107976395766222,0.29826821246542057,0.9373837919628216,5.0,14.0,6,0,maxlag,detrend,detrend,0.2544368668393957
5,0,0.001,-1.0029197090770439,0.71079124546076,0.29826634637978205,0.9373800957529488,5.0,14.0,6,0,maxlag,detrend,detrend,0.2544324134068462
5,0,0.003,-1.0029383647856538,0.7107729907148675,0.29826101901302954,0.9373695419013605,5.0,14.0,6,0,maxlag,detrend,detrend,0.25441969834398187
5,0,0.01,-1.0030034845545026,0.7107092629992249,0.2982424232210016,0.9373326816343983,5.0,14.0,6,0,maxlag,detrend,detrend,0.2543753003650804
5,0,0.03,-1.0031880647298685,0.7105285569670521,0.2981897145648938,0.9372280240951776,5.0,14.0,6,0,maxlag,detrend,detrend,0.2542493314315181
5,0,0.1,-1.0038177993910604,0.7099109620463286,0.29800992636876017,0.9368689234175287,5.0,14.0,6,0,maxlag,detrend,detrend,0.25381817276103025
5,0,0.3,-1.0054969115074377,0.7082502838069795,0.2975313678138951,0.9358947005170739,5.0,14.0,6,0,maxlag,detrend,detrend,0.25265765817584684
20,0,1.0,-0.8974639467704933,1.0483748241882944,0.3114686512747745,1.0850313086048335,20.0,16.333333333333332,6,0,maxlag,detrend,detrend,0.25194673525139105
5,0,1.0,-1.0104238195472843,0.7031398191247362,0.29614020509403033,0.9328639593312281,5.0,14.0,6,0,maxlag,detrend,detrend,0.24914497662589002
15,1,3.0,-0.9723091109514752,1.0604343508127183,0.3849871474752215,1.1977652278838413,25.0,17.333333333333332,6,0,maxlag,detrend,detrend,0.2465514879565326
5,1,10.0,-0.9604409287395521,0.6270247403781766,0.30692863241763435,0.9103685925370669,10.666666666666666,15.0,6,0,maxlag,detrend,detrend,0.24418664719358119
5,0,3.0,-1.0204737146271132,0.6907971223365521,0.2933703365397723,0.9256658464521279,5.0,14.0,6,0,maxlag,detrend,detrend,0.24133642905626182
15,0,30.0,-0.6290830861660006,0.7943869783833302,0.347753794151149,0.8427890298754456,15.0,16.333333333333332,6,0,maxlag,detrend,detrend,0.2377061150639609
10,0,10.0,-0.727282312664169,0.7189920446114724,0.35780713673391196,0.8163409626923547,10.0,16.0,6,0,maxlag,detrend,detrend,0.22924581061856023
40,0,30.0,-0.7630288106469459,0.8754698328991437,0.2812715699844696,0.9224070807681785,40.0,17.666666666666668,6,0,maxlag,detrend,detrend,0.22695652652219453
20,0,0.3,-0.9489144407358604,1.0543595554516096,0.3022767098364255,1.1119686912934348,20.0,16.333333333333332,6,0,maxlag,detrend,detrend,0.22389862593102117
5,0,10.0,-1.0397173041402927,0.6576899580908764,0.2882697703671752,0.9078338513132751,5.0,14.0,6,0,maxlag,detrend,detrend,0.2237534662864678
10,1,30.0,-0.7485115732489378,0.7862401039365445,0.34016032028119486,0.830602086557704,19.0,17.0,6,0,maxlag,detrend,detrend,0.22158178087158764
30,0,10.0,-1.068907449784444,1.0903337181495936,0.29617698550998806,1.1127405049513586,30.0,17.0,6,0,maxlag,detrend,detrend,0.21725863204403706
5,1,30.0,-1.0047679515788714,0.6275866648992827,0.29151955213872516,0.8935070707606566,10.666666666666666,15.0,6,0,maxlag,detrend,detrend,0.2169745016711848
20,0,0.1,-0.9728035304118188,1.0545778238008212,0.29836941981943393,1.1241490252398365,20.0,16.333333333333332,6,0,maxlag,detrend,detrend,0.2114651021515484
20,0,0.03,-0.9835512908929812,1.053645024591692,0.29661162492303883,1.1295661250842783,20.0,16.333333333333332,6,0,maxlag,detrend,detrend,0.205915337364044
40,0,10.0,-0.907342153573521,0.9830540063160137,0.27363137543935195,1.0986795701551608,40.0,17.666666666666668,6,0,maxlag,detrend,detrend,0.2045556763307394
20,0,0.01,-0.9869813466691933,1.0531669189486657,0.29604252815351106,1.131281937706795,20.0,16.333333333333332,6,0,maxlag,detrend,detrend,0.20414517175875452
20,0,0.003,-0.9882278105911619,1.0529691609733505,0.2958342886421823,1.1319034790365619,20.0,16.333333333333332,6,0,maxlag,detrend,detrend,0.20350185331658902
20,0,0.001,-0.9885886159747402,1.0529094511237478,0.29577385301472453,1.1320831795789192,20.0,16.333333333333332,6,0,maxlag,detrend,detrend,0.20331562730948105
20,0,0.0003,-0.9887153997996337,1.0528882039230458,0.2957525990620144,1.1321463014535953,20.0,16.333333333333332,6,0,maxlag,detrend,detrend,0.20325018804449768
20,0,0.0001,-0.98875167188385,1.052882099728194,0.29574651675307023,1.1321643579910763,20.0,16.333333333333332,6,0,maxlag,detrend,detrend,0.20323146615931684
20,2,0.3,-1.0022979690826481,1.0698087227820527,0.4004340563803484,1.2830777704248744,41.0,18.333333333333332,6,0,maxlag,detrend,detrend,0.20227961708293635
5,0,30.0,-1.0609445440436793,0.6042039574230155,0.28259120983304636,0.8819095594038503,5.0,14.0,6,0,maxlag,detrend,detrend,0.19992790141574157
40,2,1.0,-1.084157734495247,1.0693041068888345,0.3133912771968484,1.1642962141646944,72.66666666666667,19.666666666666668,6,0,maxlag,detrend,detrend,0.1983839272815623
40,1,1.0,-0.9513728307549604,0.9140484842478582,0.3648021048321435,1.2438940499000035,57.0,18.666666666666668,6,0,maxlag,detrend,detrend,0.19407626990214102
10,0,30.0,-0.7529862614543589,0.6183230418682404,0.33635024548021547,0.7865566922971414,10.0,16.0,6,0,maxlag,detrend,detrend,0.18693993008821447
15,1,1.0,-1.1307031215370602,1.0612651468931373,0.37739138858918303,1.2788977483433237,25.0,17.333333333333332,6,0,maxlag,detrend,detrend,0.18216296474885646
20,2,0.1,-1.1095689522813037,1.053482895122927,0.38280296898565486,1.296993097421262,41.0,18.333333333333332,6,0,maxlag,detrend,detrend,0.17490780079077145
20,1,3.0,-0.9970886062923752,0.9591353547799748,0.364797126135078,1.2766596932366971,31.666666666666668,17.333333333333332,6,0,maxlag,detrend,detrend,0.17113534086938997
30,2,1.0,-1.2415520643527964,1.0541258290871531,0.2980197486191634,1.1858669106294093,57.666666666666664,19.0,6,0,maxlag,detrend,detrend,0.1679129111785769
20,2,0.03,-1.1975012342542148,0.9961543951057772,0.364206849203823,1.2996415889331099,41.0,18.333333333333332,6,0,maxlag,detrend,detrend,0.1544577369506461
30,1,3.0,-1.0903101911120368,0.9821919760396851,0.32821630505963845,1.2521180985250577,44.666666666666664,18.0,6,0,maxlag,detrend,detrend,0.15173363609209806
20,2,0.01,-1.2430093294779452,0.9547154885912953,0.35350295725536457,1.3009726179328567,41.0,18.333333333333332,6,0,maxlag,detrend,detrend,0.1428221247023649
15,1,0.3,-1.2388957024028386,1.0569945506768634,0.3705855229396757,1.329350994247022,25.0,17.333333333333332,6,0,maxlag,detrend,detrend,0.1400398269667603
40,1,0.3,-1.2434769797457008,1.1405769472795015,0.3312868984691764,1.2733542952578025,57.0,18.666666666666668,6,0,maxlag,detrend,detrend,0.13993889178871466
20,2,0.003,-1.2639663265764405,0.9337685846269774,0.3484289179488759,1.3018028804582507,41.0,18.333333333333332,6,0,maxlag,detrend,detrend,0.13716690162810047
20,2,0.001,-1.270641454333173,0.926895505581424,0.34680028996711404,1.3021014294935347,41.0,18.333333333333332,6,0,maxlag,detrend,detrend,0.13532928932163976
20,2,0.0003,-1.27306068459982,0.9243825424671012,0.3462088602150794,1.3022138202245797,41.0,18.333333333333332,6,0,maxlag,detrend,detrend,0.13465918605787366
20,2,0.0001,-1.2737601462373063,0.9236538616195172,0.3460377559575251,1.3022467331454528,41.0,18.333333333333332,6,0,maxlag,detrend,detrend,0.13446504275570817
15,1,0.1,-1.2843910522733328,1.0527776116467804,0.3672628262635264,1.3493334517337663,25.0,17.333333333333332,6,0,maxlag,detrend,detrend,0.12272941004989002
15,1,0.03,-1.3031834352094016,1.0504310678003852,0.3657692573478428,1.3572967397301168,25.0,17.333333333333332,6,0,maxlag,detrend,detrend,0.11566153953676112
15,1,0.01,-1.3089066733727885,1.0496403387366235,0.36529511474973875,1.3596781124561828,25.0,17.333333333333332,6,0,maxlag,detrend,detrend,0.11352043603041084
15,1,0.003,-1.3109507312919297,1.0493492547908212,0.36512321610318416,1.3605229345435141,25.0,17.333333333333332,6,0,maxlag,detrend,detrend,0.11275716192272428
15,1,0.001,-1.3115387629150177,1.0492646720384096,0.36507350056270343,1.3607653895213783,25.0,17.333333333333332,6,0,maxlag,detrend,detrend,0.11253772789773864
15,1,0.0003,-1.3117449998064394,1.0492349175856257,0.36505603561508776,1.360850361635831,25.0,17.333333333333332,6,0,maxlag,detrend,detrend,0.11246078247000613
15,1,0.0001,-1.3118039653089755,1.049226401929171,0.3650510394472721,1.3608746501243065,25.0,17.333333333333332,6,0,maxlag,detrend,detrend,0.1124387843602575
40,0,3.0,-1.0886717127035561,1.0569379542284,0.2662367091328223,1.2376286667486258,40.0,17.666666666666668,6,0,maxlag,detrend,detrend,0.09989664240878426
20,1,1.0,-1.1775912086560016,0.9187286640124442,0.36126913929166166,1.3749134745262648,31.666666666666668,17.333333333333332,6,0,maxlag,detrend,detrend,0.09882970712327632
30,0,3.0,-1.308163782255938,1.1761051196753303,0.27606875712083756,1.2536705231572733,30.0,17.0,6,0,maxlag,detrend,detrend,0.09849939091074622
40,1,0.1,-1.5739408200830851,1.2179132853565449,0.28847081137714614,1.281011530032781,57.0,18.666666666666668,6,0,maxlag,detrend,detrend,0.09176274035419951
30,1,1.0,-1.2440396366623083,1.0289982214789928,0.3003376559121547,1.3012230406776926,44.666666666666664,18.0,6,0,maxlag,detrend,detrend,0.08948152743776994
40,0,1.0,-1.2332028209443426,1.1255256078237919,0.25860226197866976,1.2898442456767267,40.0,17.666666666666668,6,0,maxlag,detrend,detrend,0.055711290004961056
40,2,0.3,-1.527505020711933,1.3026370607614641,0.29050839171068127,1.337734504841902,72.66666666666667,19.666666666666668,6,0,maxlag,detrend,detrend,0.05409423832134985
20,1,0.3,-1.3051464841123814,0.8721143263097177,0.3579618705534251,1.4353247891594656,31.666666666666668,17.333333333333332,6,0,maxlag,detrend,detrend,0.05323451814179919
30,2,0.3,-1.622556806375787,1.0695889475409608,0.2411384916904703,1.2692309532039787,57.666666666666664,19.0,6,0,maxlag,detrend,detrend,0.052676824447685205
40,0,0.3,-1.3847442629213063,1.1137239314972176,0.24512091149031523,1.2814924681963882,40.0,17.666666666666668,6,0,maxlag,detrend,detrend,0.048076183752843504
40,0,0.1,-1.5325680565582223,1.0074229887846713,0.2264456221029579,1.2582161916138146,40.0,17.666666666666668,6,0,maxlag,detrend,detrend,0.0456942879732877
40,0,0.03,-1.65051885724513,0.899943697625443,0.20819155293632172,1.243406428720076,40.0,17.666666666666668,6,0,maxlag,detrend,detrend,0.037807052832268595
30,1,0.3,-1.4074690088184545,1.0219072132749565,0.25224635135992396,1.3075877927372075,44.666666666666664,18.0,6,0,maxlag,detrend,detrend,0.036934896443878734
30,0,1.0,-1.483183006249978,1.2269921383844389,0.2594801845181046,1.318639068672946,30.0,17.0,6,0,maxlag,detrend,detrend,0.03643283644704251
20,1,0.1,-1.3564007666599043,0.8511755093312771,0.3561754823317567,1.4573658110659455,31.666666666666668,17.333333333333332,6,0,maxlag,detrend,detrend,0.03601941458559488
40,1,0.03,-1.887913224694825,1.1433031093196937,0.23988542321023712,1.29126573180734,57.0,18.666666666666668,6,0,maxlag,detrend,detrend,0.035999410945099175
40,0,0.01,-1.701131955608827,0.8525254620979955,0.19956223830510703,1.238410580184899,40.0,17.666666666666668,6,0,maxlag,detrend,detrend,0.03267483217567771
40,0,0.003,-1.7216560868022472,0.8333944497155851,0.19594197075483297,1.2366108520777266,40.0,17.666666666666668,6,0,maxlag,detrend,detrend,0.030314374300424357
40,0,0.001,-1.7278345558459722,0.8276593472070183,0.19483928303461964,1.236094039034789,40.0,17.666666666666668,6,0,maxlag,detrend,detrend,0.02957345571026737
20,1,0.03,-1.376113561356292,0.8435749106258394,0.35529707248542425,1.4653728357382472,31.666666666666668,17.333333333333332,6,0,maxlag,detrend,detrend,0.029536087468651273
40,0,0.0003,-1.7300319723495825,0.8256228211481275,0.19444570467022884,1.2359129894095824,40.0,17.666666666666668,6,0,maxlag,detrend,detrend,0.029306612083521172
40,0,0.0001,-1.7306631928342755,0.825038144054168,0.19433251233754226,1.235861248653503,40.0,17.666666666666668,6,0,maxlag,detrend,detrend,0.029229638280090176
20,1,0.01,-1.3818296003931974,0.8415396389725149,0.3550031944737331,1.46762247767217,31.666666666666668,17.333333333333332,6,0,maxlag,detrend,detrend,0.02766746010321408
20,1,0.003,-1.3838299265918579,0.8408560645013122,0.35489445772686906,1.4683998950056802,31.666666666666668,17.333333333333332,6,0,maxlag,detrend,detrend,0.027014531222892935
20,1,0.001,-1.3844010244879552,0.8406641003362567,0.3548627758591411,1.4686208149146216,31.666666666666668,17.333333333333332,6,0,maxlag,detrend,detrend,0.026828205418906015
20,1,0.0003,-1.384600848224349,0.8405972879170309,0.35485162057845887,1.468698000899292,31.666666666666668,17.333333333333332,6,0,maxlag,detrend,detrend,0.02676301994895447
20,1,0.0001,-1.3846579344773164,0.8405782350876101,0.35484842694680957,1.4687200407873877,31.666666666666668,17.333333333333332,6,0,maxlag,detrend,detrend,0.02674439839563819
30,0,0.3,-1.605670251705707,1.2467752853179268,0.24472850937625878,1.3367704081567984,30.0,17.0,6,0,maxlag,detrend,detrend,0.00898922366649993
40,1,0.01,-2.0513075011389468,1.0610793441906716,0.2119334286368775,1.3034043118948972,57.0,18.666666666666668,6,0,maxlag,detrend,detrend,-0.0004495896895505558
30,0,0.1,-1.6678327334506975,1.2403799491322625,0.23614309514111143,1.3381102988880098,30.0,17.0,6,0,maxlag,detrend,detrend,-0.0005341140804954181
30,0,0.03,-1.6975160394393507,1.2328244928579277,0.23185802266697045,1.337755555222733,30.0,17.0,6,0,maxlag,detrend,detrend,-0.004570865988942574
30,0,0.01,-1.707185369091154,1.2297821970408431,0.23043996743645156,1.3375578634284162,30.0,17.0,6,0,maxlag,detrend,detrend,-0.005850536963439762
30,0,0.003,-1.7107190426356682,1.2286025273296817,0.22991909017604548,1.3374779037299163,30.0,17.0,6,0,maxlag,detrend,detrend,-0.0063154424348959015
30,0,0.001,-1.711743742484545,1.2282537673406233,0.22976778103810955,1.3374540141857494,30.0,17.0,6,0,maxlag,detrend,detrend,-0.006450028891915011
30,0,0.0003,-1.7121040024652838,1.2281304426509843,0.22971455611620195,1.3374455425890348,30.0,17.0,6,0,maxlag,detrend,detrend,-0.006497323696122409
30,0,0.0001,-1.712207088624785,1.2280950863053077,0.22969932343060243,1.337443111613889,30.0,17.0,6,0,maxlag,detrend,detrend,-0.006510854699119828
40,1,0.003,-2.125842672778815,1.0151896184723423,0.19913246640719914,1.3110755035884771,57.0,18.666666666666668,6,0,maxlag,detrend,detrend,-0.01862038610473485
40,1,0.001,-2.149479812627486,0.9996354811407657,0.1951214439653269,1.3137990307047218,57.0,18.666666666666668,6,0,maxlag,detrend,detrend,-0.02453787752797834
30,1,0.1,-1.554158081656914,0.9400548307016312,0.1906426334838216,1.3080481349001019,44.666666666666664,18.0,6,0,maxlag,detrend,detrend,-0.0249910609462497
40,1,0.0003,-2.1580343915196245,0.9938924362603153,0.19367837381463296,1.3148190504266024,57.0,18.666666666666668,6,0,maxlag,detrend,detrend,-0.0266949614839887
40,1,0.0001,-2.1605065546728976,0.9922216719622715,0.19326228250767108,1.3151172075851698,57.0,18.666666666666668,6,0,maxlag,detrend,detrend,-0.027319762801947783
30,2,0.1,-2.05091764010239,0.9277352980023525,0.17912379312588064,1.3362055649956819,57.666666666666664,19.0,6,0,maxlag,detrend,detrend,-0.05622010237109665
30,1,0.03,-1.649549849592402,0.8702800186341159,0.18125558750877932,1.343428402524012,44.666666666666664,18.0,6,0,maxlag,detrend,detrend,-0.05914429425802903
30,1,0.01,-2.0356951638035565,0.4399914770130217,0.241147170631515,1.449725030896186,44.666666666666664,18.0,6,0,maxlag,detrend,detrend,-0.07366035099581517
40,2,0.1,-2.2190945030503717,1.8341886174303617,0.28285473100556874,1.5459935828890465,72.66666666666667,19.666666666666668,6,0,maxlag,detrend,detrend,-0.0993407770167638
30,2,0.03,-2.53218659574922,0.5768475863503617,0.1111174285973912,1.3918752766233018,57.666666666666664,19.0,6,0,maxlag,detrend,detrend,-0.16319526503892
30,1,0.003,-3.431105223757259,1.7282271998466054,0.28250650710803626,1.6486650093656257,44.666666666666664,18.0,6,0,maxlag,detrend,detrend,-0.17155899944790165
30,2,0.01,-2.845524375243311,0.2940766159587781,0.07269635541028956,1.4244026313468456,57.666666666666664,19.0,6,0,maxlag,detrend,detrend,-0.22438548653250234
30,2,0.003,-3.0078826837133916,0.18741317622579437,0.05538425679774881,1.4409584559944195,57.666666666666664,19.0,6,0,maxlag,detrend,detrend,-0.2532866623983448
30,1,0.001,-4.797715257133083,3.640293531950146,0.29420285011965824,1.7854870730593053,44.666666666666664,18.0,6,0,maxlag,detrend,detrend,-0.2556381010218554
30,2,0.001,-3.0621735513065005,0.17964298474231993,0.04999641118831871,1.446468538149773,57.666666666666664,19.0,6,0,maxlag,detrend,detrend,-0.2625315655165224
30,2,0.0003,-3.082165588795412,0.18207223219494123,0.048062051771492705,1.4484945735013148,57.666666666666664,19.0,6,0,maxlag,detrend,detrend,-0.26588414967942764
30,2,0.0001,-3.0879773581845575,0.1833146175035771,0.04750469243426123,1.4490832508361322,57.666666666666664,19.0,6,0,maxlag,detrend,detrend,-0.26685358315103125
40,2,0.03,-3.460303173602751,3.180117225558919,0.2812456823573016,1.8153896842315624,72.66666666666667,19.666666666666668,6,0,maxlag,detrend,detrend,-0.2895270966047921
30,1,0.0003,-5.591735637164704,4.758571008313365,0.2980214111987982,1.853301707637366,44.666666666666664,18.0,6,0,maxlag,detrend,detrend,-0.29928978414735785
30,1,0.0001,-5.866396844456951,5.1458343776267155,0.2990772321437636,1.8753536193490874,44.666666666666664,18.0,6,0,maxlag,detrend,detrend,-0.3136703014005976
40,2,0.01,-4.71726241873013,4.7762934618344195,0.27979790499725926,2.0192772821366733,72.66666666666667,19.666666666666668,6,0,maxlag,detrend,detrend,-0.433696192498412
40,2,0.003,-5.575496798120365,5.91824967385199,0.2781744485176352,2.13565641985663,72.66666666666667,19.666666666666668,6,0,maxlag,detrend,detrend,-0.5167850453820058
40,2,0.001,-5.90311177119376,6.360306980319876,0.2773725520090821,2.176385377887248,72.66666666666667,19.666666666666668,6,0,maxlag,detrend,detrend,-0.5460972125119914
40,2,0.0003,-6.029676079362056,6.531775043847827,0.2770305817828576,2.191628617615375,72.66666666666667,19.666666666666668,6,0,maxlag,detrend,detrend,-0.5571094505479048
40,2,0.0001,-6.0671031667938315,6.582548346017745,0.27692576502106336,2.1960855282178877,72.66666666666667,19.666666666666668,6,0,maxlag,detrend,detrend,-0.560334104731458
