member,year,is_train_time,y_true,y_pred
r10i1p1f1,1853,True,20.334646,20.816371179142596
r10i1p1f1,1854,True,19.691057,20.565088398593517
r10i1p1f1,1855,True,19.976448,20.99446226559785
r10i1p1f1,1856,True,21.124096,21.342980100044464
r10i1p1f1,1857,True,19.04488,21.28479640710292
r10i1p1f1,1858,True,18.766632,21.58352473428307
r10i1p1f1,1859,True,20.325432,21.726436199889324
r10i1p1f1,1860,True,18.819963,21.418245032102448
r10i1p1f1,1861,True,19.707016,21.80729069517425
r10i1p1f1,1862,True,20.190346,22.044628885176188
r10i1p1f1,1863,True,22.024946,22.490626913877577
r10i1p1f1,1864,True,21.706974,22.513145551875333
r10i1p1f1,1865,True,22.652332,22.014958382717108
r10i1p1f1,1866,True,20.826254,21.678850414999197
r10i1p1f1,1867,True,20.430416,21.880322901334115
r10i1p1f1,1868,True,21.22178,21.73117028942659
r10i1p1f1,1869,True,22.471981,21.84119039276504
r10i1p1f1,1870,True,21.203718,21.80429490295171
r10i1p1f1,1871,True,21.388294,21.56609534357409
r10i1p1f1,1872,True,21.882315,21.80296522472576
r10i1p1f1,1873,True,21.101448,22.40241045997178
r10i1p1f1,1874,True,21.614536,21.734669237529385
r10i1p1f1,1875,True,21.242863,22.047517440329056
r10i1p1f1,1876,True,20.844246,22.499382703131936
r10i1p1f1,1877,True,21.593132,21.753777994580112
r10i1p1f1,1878,True,21.51387,21.498458901782662
r10i1p1f1,1879,True,21.405258,21.464153932369648
r10i1p1f1,1880,True,21.859173,21.343472252190608
r10i1p1f1,1881,True,22.675459,21.726578021685352
r10i1p1f1,1882,True,22.445984,22.074194331906742
r10i1p1f1,1883,True,22.422724,21.931116795826558
r10i1p1f1,1884,True,21.461233,21.71006843879222
r10i1p1f1,1885,True,21.490126,21.9314884356637
r10i1p1f1,1886,True,21.70136,21.551821212422258
r10i1p1f1,1887,True,21.849363,21.692547138445427
r10i1p1f1,1888,True,21.30874,22.10532133519341
r10i1p1f1,1889,True,20.785439,21.76581588495966
r10i1p1f1,1890,True,20.343287,21.644758636698423
r10i1p1f1,1891,True,20.995024,21.501039375912676
r10i1p1f1,1892,True,21.86327,21.324414785005818
r10i1p1f1,1893,True,22.809427,21.239260450901057
r10i1p1f1,1894,True,23.058872,20.97862433350495
r10i1p1f1,1895,True,21.13969,21.275224449760675
r10i1p1f1,1896,True,20.619955,21.238487633715327
r10i1p1f1,1897,True,20.445595,20.908082363844706
r10i1p1f1,1898,True,20.08011,20.965593419358143
r10i1p1f1,1899,True,21.469198,21.667170310308794
r10i1p1f1,1900,True,23.030596,21.519930050241225
r10i1p1f1,1901,True,22.014349,21.107145053082984
r10i1p1f1,1902,True,19.543613,21.151308180261072
r10i1p1f1,1903,True,20.992962,21.693646734665993
r10i1p1f1,1904,True,22.019806,21.82150167245762
r10i1p1f1,1905,True,21.42284,21.947375101223372
r10i1p1f1,1906,True,21.073408,22.71981275878709
r10i1p1f1,1907,True,21.583147,22.358355680798432
r10i1p1f1,1908,True,22.276228,21.914152673070873
r10i1p1f1,1909,True,22.968964,22.13459060730825
r10i1p1f1,1910,True,23.708725,22.6978926057899
r10i1p1f1,1911,True,23.172565,22.597250492575363
r10i1p1f1,1912,True,23.416885,22.727900967001485
r10i1p1f1,1913,True,23.52372,22.83866513080644
r10i1p1f1,1914,True,22.513601,22.272506871101793
r10i1p1f1,1915,True,22.184576,22.590794419305745
r10i1p1f1,1916,True,22.345955,22.832698396850297
r10i1p1f1,1917,True,23.056509,22.383631771239717
r10i1p1f1,1918,True,25.116499,22.228241331581263
r10i1p1f1,1919,True,25.326073,22.235923705457957
r10i1p1f1,1920,True,25.594465,22.539123942964842
r10i1p1f1,1921,True,24.364716,21.65544328817677
r10i1p1f1,1922,True,24.328995,21.77172121977424
r10i1p1f1,1923,True,23.937878,22.507234786731765
r10i1p1f1,1924,True,23.385164,22.31346624094608
r10i1p1f1,1925,True,22.987223,22.46969026190735
r10i1p1f1,1926,True,22.79713,22.189373888341034
r10i1p1f1,1927,True,21.623646,21.489491877634148
r10i1p1f1,1928,True,19.930311,21.739186782111062
r10i1p1f1,1929,True,20.047642,21.38598345246016
r10i1p1f1,1930,True,20.388252,21.423253153441514
r10i1p1f1,1931,True,20.41531,21.798209100047334
r10i1p1f1,1932,True,21.33765,21.963229628967152
r10i1p1f1,1933,True,21.103367,21.640677832770834
r10i1p1f1,1934,True,20.611673,21.340214666051917
r10i1p1f1,1935,True,20.367886,21.32464485344343
r10i1p1f1,1936,True,21.155134,21.617144450201835
r10i1p1f1,1937,True,22.849012,22.0865095114879
r10i1p1f1,1938,True,20.888493,21.652465147947222
r10i1p1f1,1939,True,20.949425,21.401576085250653
r10i1p1f1,1940,True,20.563215,21.5886164814406
r10i1p1f1,1941,True,22.788979,22.091225927393786
r10i1p1f1,1942,True,22.097399,22.35758252688767
r10i1p1f1,1943,True,22.016562,21.81805316847317
r10i1p1f1,1944,True,22.903233,21.966650447298036
r10i1p1f1,1945,True,21.429253,21.825917719567624
r10i1p1f1,1946,True,19.975569,21.440127951033737
r10i1p1f1,1947,True,20.017895,21.51299595613099
r10i1p1f1,1948,True,20.69071,22.148379418228902
r10i1p1f1,1949,True,21.501995,22.1353791564517
r10i1p1f1,1950,True,22.983255,22.487805607365072
r10i1p1f1,1951,True,23.279236,22.222313397206495
r10i1p1f1,1952,True,23.227753,21.73804019952797
r10i1p1f1,1953,True,21.704504,21.688244933985334
r10i1p1f1,1954,True,22.079338,22.191792598475523
r10i1p1f1,1955,True,20.798523,21.80924592843533
r10i1p1f1,1956,True,21.379936,21.99911420255435
r10i1p1f1,1957,True,22.523195,22.148589440149966
r10i1p1f1,1958,True,22.25557,22.210156210185165
r10i1p1f1,1959,True,21.962643,22.51963951903665
r10i1p1f1,1960,True,23.832874,22.118246989197566
r10i1p1f1,1961,True,22.68102,22.60525581769406
r10i1p1f1,1962,True,22.229843,22.36879902809749
r10i1p1f1,1963,True,21.755701,22.086284455766922
r10i1p1f1,1964,True,21.051363,21.931557536442728
r10i1p1f1,1965,True,20.714336,22.055095219140505
r10i1p1f1,1966,True,21.31201,22.211797505155698
r10i1p1f1,1967,True,21.945314,22.489775352607225
r10i1p1f1,1968,True,22.11311,22.812990653746184
r10i1p1f1,1969,True,22.930384,22.837636172337703
r10i1p1f1,1970,True,24.49119,23.225475378713092
r10i1p1f1,1971,True,23.39418,23.42681653035096
r10i1p1f1,1972,True,24.447323,23.54489316827189
r10i1p1f1,1973,True,25.22221,23.425886168943467
r10i1p1f1,1974,True,24.53586,23.151231912117858
r10i1p1f1,1975,True,24.253885,23.515356064515316
r10i1p1f1,1976,True,22.980963,23.50779576545549
r10i1p1f1,1977,True,26.127506,24.0667938710895
r10i1p1f1,1978,True,25.325083,23.76239006725821
r10i1p1f1,1979,True,23.02519,23.350114354153053
r10i1p1f1,1980,True,22.389353,23.429153132007947
r10i1p1f1,1981,True,21.646448,23.252230388964154
r10i1p1f1,1982,True,21.678194,23.413096311756963
r10i1p1f1,1983,True,24.181412,24.04746740148132
r10i1p1f1,1984,True,25.985346,23.68130088918212
r10i1p1f1,1985,True,25.130997,23.63236921680419
r10i1p1f1,1986,True,23.168915,23.81719782773226
r10i1p1f1,1987,True,24.946562,24.087553673349852
r10i1p1f1,1988,True,24.558716,24.024849685434276
r10i1p1f1,1989,True,22.83163,23.691945400050116
r1i1p1f1,1853,True,21.068336,21.45058606924703
r1i1p1f1,1854,True,21.290356,21.493422136784176
r1i1p1f1,1855,True,21.303398,21.6064170539192
r1i1p1f1,1856,True,19.149519,21.797504497232786
r1i1p1f1,1857,True,19.04647,21.93189108802463
r1i1p1f1,1858,True,18.90256,21.35129321828278
r1i1p1f1,1859,True,20.979004,21.747684696867193
r1i1p1f1,1860,True,19.949303,21.942401479287483
r1i1p1f1,1861,True,21.00451,21.70990016273554
r1i1p1f1,1862,True,22.759771,21.493721974112603
r1i1p1f1,1863,True,21.113886,21.627327537160216
r1i1p1f1,1864,True,21.661676,21.450396049771527
r1i1p1f1,1865,True,21.939835,21.407376255183486
r1i1p1f1,1866,True,22.446402,21.54663999599788
r1i1p1f1,1867,True,23.570559,21.899109494522172
r1i1p1f1,1868,True,23.059986,21.98403090537965
r1i1p1f1,1869,True,22.31047,21.51347405565942
r1i1p1f1,1870,True,21.679459,21.487519323839976
r1i1p1f1,1871,True,22.45424,22.09528211903214
r1i1p1f1,1872,True,24.187317,22.010654844175836
r1i1p1f1,1873,True,24.11686,21.292645942462794
r1i1p1f1,1874,True,25.235504,21.525093949128657
r1i1p1f1,1875,True,25.783455,21.864967406059517
r1i1p1f1,1876,True,24.74739,21.719499534813217
r1i1p1f1,1877,True,23.701754,22.043731948998282
r1i1p1f1,1878,True,22.327776,22.07086598214526
r1i1p1f1,1879,True,23.011574,21.778670693737464
r1i1p1f1,1880,True,23.223492,21.62118945389574
r1i1p1f1,1881,True,22.417107,21.65764679406144
r1i1p1f1,1882,True,23.661041,21.392523237579127
r1i1p1f1,1883,True,23.229158,21.4578797349292
r1i1p1f1,1884,True,24.036247,21.630250775257856
r1i1p1f1,1885,True,22.395285,21.839671926646584
r1i1p1f1,1886,True,21.211664,21.861046669759848
r1i1p1f1,1887,True,21.29708,21.593183679120646
r1i1p1f1,1888,True,23.58637,21.72135354092418
r1i1p1f1,1889,True,24.943947,22.33114844326301
r1i1p1f1,1890,True,23.041782,22.441526791549865
r1i1p1f1,1891,True,23.429447,22.5523926861886
r1i1p1f1,1892,True,21.72604,22.431947470892144
r1i1p1f1,1893,True,22.222897,22.321889198651252
r1i1p1f1,1894,True,23.197245,22.408269284806263
r1i1p1f1,1895,True,21.938847,21.906159734256928
r1i1p1f1,1896,True,20.677904,22.505416116642326
r1i1p1f1,1897,True,19.88468,22.24755806787442
r1i1p1f1,1898,True,20.0579,22.151786031034224
r1i1p1f1,1899,True,20.123354,22.15385978150432
r1i1p1f1,1900,True,20.72046,22.083709680916566
r1i1p1f1,1901,True,22.063063,22.266835061352417
r1i1p1f1,1902,True,23.109606,22.147625241633083
r1i1p1f1,1903,True,22.30067,21.927861211226556
r1i1p1f1,1904,True,22.78381,21.98908171870076
r1i1p1f1,1905,True,21.319052,21.592757191729003
r1i1p1f1,1906,True,20.662916,21.36982681946469
r1i1p1f1,1907,True,21.049404,21.624246951883862
r1i1p1f1,1908,True,21.287392,21.619475152647613
r1i1p1f1,1909,True,22.076252,21.798922330721297
r1i1p1f1,1910,True,20.419111,21.961635010125647
r1i1p1f1,1911,True,20.798805,21.368818810855284
r1i1p1f1,1912,True,21.778503,21.750556672654767
r1i1p1f1,1913,True,22.939388,21.97344223091848
r1i1p1f1,1914,True,22.340672,21.890080406725986
r1i1p1f1,1915,True,23.456001,22.410977218232457
r1i1p1f1,1916,True,22.861961,22.554728457908094
r1i1p1f1,1917,True,22.693491,22.519334931299944
r1i1p1f1,1918,True,23.129377,22.60843502476156
r1i1p1f1,1919,True,22.85802,22.220869946559038
r1i1p1f1,1920,True,22.739676,22.37332424634929
r1i1p1f1,1921,True,21.629221,22.39566984909621
r1i1p1f1,1922,True,21.702707,21.768472720422245
r1i1p1f1,1923,True,22.888998,22.02650070907303
r1i1p1f1,1924,True,19.609455,21.946101821779443
r1i1p1f1,1925,True,20.315727,21.599372869320884
r1i1p1f1,1926,True,21.39119,21.72705447286836
r1i1p1f1,1927,True,22.450886,22.087040707141302
r1i1p1f1,1928,True,22.585049,21.74853811098749
r1i1p1f1,1929,True,22.431383,21.909144229770376
r1i1p1f1,1930,True,19.234028,22.100877805049986
r1i1p1f1,1931,True,19.340628,21.710791296258144
r1i1p1f1,1932,True,19.034458,21.88889179795412
r1i1p1f1,1933,True,20.089289,22.34370802050018
r1i1p1f1,1934,True,21.19687,22.601532598126216
r1i1p1f1,1935,True,22.56826,22.486925142264806
r1i1p1f1,1936,True,21.931011,22.055047865123907
r1i1p1f1,1937,True,20.991987,21.492118294035937
r1i1p1f1,1938,True,21.751072,21.145556147487117
r1i1p1f1,1939,True,21.721066,21.19867911527479
r1i1p1f1,1940,True,20.2907,21.31704306137873
r1i1p1f1,1941,True,21.625248,21.18417195907905
r1i1p1f1,1942,True,20.704447,21.444049018442037
r1i1p1f1,1943,True,20.11405,21.239369573180056
r1i1p1f1,1944,True,20.631372,21.262576529781384
r1i1p1f1,1945,True,19.107574,20.869277828497857
r1i1p1f1,1946,True,19.862429,20.93585574198203
r1i1p1f1,1947,True,19.612629,21.365595734498893
r1i1p1f1,1948,True,19.009762,21.62161228923224
r1i1p1f1,1949,True,20.14037,21.46568975001972
r1i1p1f1,1950,True,21.62606,21.777848173252842
r1i1p1f1,1951,True,21.321941,21.974783373462166
r1i1p1f1,1952,True,22.494497,22.183041795024682
r1i1p1f1,1953,True,20.97716,21.206403151704794
r1i1p1f1,1954,True,20.481503,21.334348614133244
r1i1p1f1,1955,True,21.654428,22.173596253127684
r1i1p1f1,1956,True,21.59259,21.80989115999796
r1i1p1f1,1957,True,21.91882,22.251440805871145
r1i1p1f1,1958,True,21.631346,22.242676300311064
r1i1p1f1,1959,True,22.164333,22.28719838092391
r1i1p1f1,1960,True,21.858072,22.10675496344879
r1i1p1f1,1961,True,22.876982,22.674772960695112
r1i1p1f1,1962,True,25.116997,22.315723071074906
r1i1p1f1,1963,True,24.236256,22.711119569662426
r1i1p1f1,1964,True,23.294998,22.94340393857602
r1i1p1f1,1965,True,20.907003,22.698156588484736
r1i1p1f1,1966,True,21.12907,23.154365693756375
r1i1p1f1,1967,True,22.15014,22.549522277940692
r1i1p1f1,1968,True,22.663006,22.726187236336933
r1i1p1f1,1969,True,22.647797,23.19717930935839
r1i1p1f1,1970,True,25.036901,23.38378892898673
r1i1p1f1,1971,True,24.042612,23.03079312904943
r1i1p1f1,1972,True,24.42005,23.38594312367346
r1i1p1f1,1973,True,26.423767,23.537394926447078
r1i1p1f1,1974,True,26.17296,23.605538449093288
r1i1p1f1,1975,True,24.30672,23.855543512090517
r1i1p1f1,1976,True,25.888165,23.917286583378175
r1i1p1f1,1977,True,27.007866,24.015288127745563
r1i1p1f1,1978,True,24.822636,24.214334205928665
r1i1p1f1,1979,True,23.674906,24.384793001803825
r1i1p1f1,1980,True,24.254309,23.9437862683261
r1i1p1f1,1981,True,24.742098,23.598648944215025
r1i1p1f1,1982,True,25.367676,23.289051984020656
r1i1p1f1,1983,True,24.730755,23.437946410749095
r1i1p1f1,1984,True,24.21758,23.960957197675878
r1i1p1f1,1985,True,23.002323,24.076080413421533
r1i1p1f1,1986,True,21.662413,23.94956927320708
r1i1p1f1,1987,True,22.407684,24.032128209468105
r1i1p1f1,1988,True,23.058172,23.341694506568775
r1i1p1f1,1989,True,25.047672,23.284557421146964
r2i1p1f1,1853,True,20.217539,21.652728140383438
r2i1p1f1,1854,True,22.062248,21.905467805095036
r2i1p1f1,1855,True,22.297424,22.149021784054497
r2i1p1f1,1856,True,22.18966,22.34705099159726
r2i1p1f1,1857,True,21.79099,22.156171427031804
r2i1p1f1,1858,True,20.237196,22.171905499427766
r2i1p1f1,1859,True,19.055628,22.15998858440086
r2i1p1f1,1860,True,20.729008,21.61677350676164
r2i1p1f1,1861,True,20.860651,21.33069826389954
r2i1p1f1,1862,True,21.74941,21.521026283472587
r2i1p1f1,1863,True,22.418308,21.801739661875885
r2i1p1f1,1864,True,22.360216,21.904091775614233
r2i1p1f1,1865,True,20.636538,22.056341080228247
r2i1p1f1,1866,True,20.171345,22.096785562625858
r2i1p1f1,1867,True,19.529129,21.980809457602287
r2i1p1f1,1868,True,20.35145,21.774983928898138
r2i1p1f1,1869,True,20.246487,21.638996147768033
r2i1p1f1,1870,True,20.0846,21.32153549300679
r2i1p1f1,1871,True,19.961906,21.52186557563175
r2i1p1f1,1872,True,20.426258,21.562229646647708
r2i1p1f1,1873,True,20.62387,21.454169119218943
r2i1p1f1,1874,True,21.43154,20.929280363280867
r2i1p1f1,1875,True,20.392221,20.60172861145135
r2i1p1f1,1876,True,20.641382,21.029907140567328
r2i1p1f1,1877,True,21.102976,20.907753649640803
r2i1p1f1,1878,True,22.315065,20.897391948763765
r2i1p1f1,1879,True,21.538227,21.429121250713024
r2i1p1f1,1880,True,21.612518,21.47410506962922
r2i1p1f1,1881,True,21.560064,21.59439201777748
r2i1p1f1,1882,True,19.464613,21.19280734113276
r2i1p1f1,1883,True,19.170584,21.30272503155783
r2i1p1f1,1884,True,20.600815,21.575506632847027
r2i1p1f1,1885,True,20.415895,21.313705142185515
r2i1p1f1,1886,True,22.223787,21.293144482094675
r2i1p1f1,1887,True,22.855536,21.58745046932862
r2i1p1f1,1888,True,23.304193,21.268529687829222
r2i1p1f1,1889,True,23.525219,21.2198250936622
r2i1p1f1,1890,True,23.163685,21.39010995715542
r2i1p1f1,1891,True,23.032112,21.774073487670538
r2i1p1f1,1892,True,21.85979,21.707236239478803
r2i1p1f1,1893,True,21.677555,21.665079801807856
r2i1p1f1,1894,True,22.836239,21.987432766692883
r2i1p1f1,1895,True,22.741085,22.208673591364338
r2i1p1f1,1896,True,23.251461,22.04441546421381
r2i1p1f1,1897,True,21.87018,21.542332139632883
r2i1p1f1,1898,True,21.764185,21.444177739977935
r2i1p1f1,1899,True,22.671658,21.9093581335411
r2i1p1f1,1900,True,20.87606,21.87345062321648
r2i1p1f1,1901,True,21.640392,21.989319635013388
r2i1p1f1,1902,True,21.863977,22.181179957682872
r2i1p1f1,1903,True,20.70628,21.667849696577477
r2i1p1f1,1904,True,23.08607,21.97649858919984
r2i1p1f1,1905,True,22.284838,22.04270838163738
r2i1p1f1,1906,True,21.2933,22.13904187027286
r2i1p1f1,1907,True,21.277504,22.186708742742606
r2i1p1f1,1908,True,21.849342,22.279247078232487
r2i1p1f1,1909,True,21.207062,22.51700970544637
r2i1p1f1,1910,True,22.64477,22.345506869919163
r2i1p1f1,1911,True,22.285686,22.54133159207957
r2i1p1f1,1912,True,24.109278,22.689861030895393
r2i1p1f1,1913,True,23.32962,22.842571104827137
r2i1p1f1,1914,True,23.21302,23.098178958622672
r2i1p1f1,1915,True,22.450384,23.34993183189463
r2i1p1f1,1916,True,22.574677,22.830044908810883
r2i1p1f1,1917,True,23.187304,22.302665782301347
r2i1p1f1,1918,True,22.509974,22.605815306665775
r2i1p1f1,1919,True,22.35977,22.74518582772977
r2i1p1f1,1920,True,23.594069,23.03196662139916
r2i1p1f1,1921,True,23.490406,22.886632082831916
r2i1p1f1,1922,True,23.67106,22.21970381940073
r2i1p1f1,1923,True,24.338291,22.579719220959785
r2i1p1f1,1924,True,24.558807,22.782593012177827
r2i1p1f1,1925,True,24.846897,22.562883265640092
r2i1p1f1,1926,True,22.810059,22.245567340045596
r2i1p1f1,1927,True,23.783127,22.724050445548695
r2i1p1f1,1928,True,23.004366,22.470031626964865
r2i1p1f1,1929,True,24.620329,21.900000779976207
r2i1p1f1,1930,True,24.397675,22.19570469883322
r2i1p1f1,1931,True,22.960402,22.216139431683573
r2i1p1f1,1932,True,21.826674,21.776054165525487
r2i1p1f1,1933,True,22.122625,21.763875578104873
r2i1p1f1,1934,True,21.707851,21.93237077714756
r2i1p1f1,1935,True,22.09567,21.15851329162877
r2i1p1f1,1936,True,21.552866,21.848464004934815
r2i1p1f1,1937,True,21.196121,21.41256432297554
r2i1p1f1,1938,True,21.0834,21.66579187001156
r2i1p1f1,1939,True,19.966913,21.906901015105202
r2i1p1f1,1940,True,19.055923,21.619451983557877
r2i1p1f1,1941,True,19.05504,21.450714512590192
r2i1p1f1,1942,True,19.95598,21.463335566434168
r2i1p1f1,1943,True,21.923231,21.541407720283
r2i1p1f1,1944,True,21.714085,21.347443065389918
r2i1p1f1,1945,True,21.468039,21.427613754408867
r2i1p1f1,1946,True,20.93025,21.323018638094013
r2i1p1f1,1947,True,22.002018,21.05414268246741
r2i1p1f1,1948,True,22.495789,21.366943439652783
r2i1p1f1,1949,True,22.591162,21.819600736239803
r2i1p1f1,1950,True,22.47214,22.28332345524422
r2i1p1f1,1951,True,21.580456,22.133664824473172
r2i1p1f1,1952,True,21.771807,21.806069645358768
r2i1p1f1,1953,True,22.86143,21.83119290516641
r2i1p1f1,1954,True,22.21016,21.941197401558316
r2i1p1f1,1955,True,21.36168,21.580763599139832
r2i1p1f1,1956,True,21.54362,21.269519223301643
r2i1p1f1,1957,True,20.64438,21.536834520623668
r2i1p1f1,1958,True,20.222313,21.758959912896074
r2i1p1f1,1959,True,20.360317,21.503632410916985
r2i1p1f1,1960,True,20.431461,21.671969084183463
r2i1p1f1,1961,True,22.198122,21.91211333236771
r2i1p1f1,1962,True,22.175879,22.47973871064628
r2i1p1f1,1963,True,21.924627,22.60586756820579
r2i1p1f1,1964,True,22.668198,22.43844356347611
r2i1p1f1,1965,True,21.160034,22.45354049235701
r2i1p1f1,1966,True,22.44549,22.227654381634252
r2i1p1f1,1967,True,22.117167,22.79612376683078
r2i1p1f1,1968,True,23.521235,22.866163081734364
r2i1p1f1,1969,True,23.478514,23.246620297104645
r2i1p1f1,1970,True,24.063627,23.490769742707098
r2i1p1f1,1971,True,24.090063,23.805799804169684
r2i1p1f1,1972,True,24.77359,23.640802660264125
r2i1p1f1,1973,True,24.23347,23.525460784952855
r2i1p1f1,1974,True,25.328371,23.235787917155207
r2i1p1f1,1975,True,24.05232,22.87436955326811
r2i1p1f1,1976,True,23.97535,22.991676589891025
r2i1p1f1,1977,True,23.478642,23.48297229863499
r2i1p1f1,1978,True,21.399963,23.80450459629418
r2i1p1f1,1979,True,21.641546,23.839270075286933
r2i1p1f1,1980,True,24.514326,23.99624197582252
r2i1p1f1,1981,True,25.793703,24.139649893067535
r2i1p1f1,1982,True,25.30967,23.183156550259444
r2i1p1f1,1983,True,24.342354,23.525546680382337
r2i1p1f1,1984,True,23.10647,23.655892959703937
r2i1p1f1,1985,True,22.988579,23.143917983320307
r2i1p1f1,1986,True,24.01024,23.502757993208107
r2i1p1f1,1987,True,24.426151,23.344187055445776
r2i1p1f1,1988,True,24.826838,23.191378601236202
r2i1p1f1,1989,True,22.797205,23.316089795263775
r3i1p1f1,1853,True,21.578604,21.16088341492321
r3i1p1f1,1854,True,20.687157,21.234403038586134
r3i1p1f1,1855,True,20.464302,20.906896013561937
r3i1p1f1,1856,True,21.894617,21.262384815196274
r3i1p1f1,1857,True,22.096483,21.369613689773924
r3i1p1f1,1858,True,23.024471,21.17754252503153
r3i1p1f1,1859,True,22.310112,21.290695417671735
r3i1p1f1,1860,True,21.280426,21.562744375941442
r3i1p1f1,1861,True,21.55087,21.431656030378797
r3i1p1f1,1862,True,20.617346,21.818833750808803
r3i1p1f1,1863,True,19.737823,21.85714890999071
r3i1p1f1,1864,True,18.70522,22.044604935299173
r3i1p1f1,1865,True,19.610945,21.939242285949515
r3i1p1f1,1866,True,21.076796,21.668670948433622
r3i1p1f1,1867,True,22.423746,21.88220081222025
r3i1p1f1,1868,True,22.82455,21.83525480264014
r3i1p1f1,1869,True,21.253077,21.75373613034746
r3i1p1f1,1870,True,21.751354,22.06908356091002
r3i1p1f1,1871,True,21.59246,21.84602111145248
r3i1p1f1,1872,True,22.007387,22.1462963754811
r3i1p1f1,1873,True,20.54652,21.936627684770322
r3i1p1f1,1874,True,21.66508,21.552614039467336
r3i1p1f1,1875,True,20.63424,21.6036126945405
r3i1p1f1,1876,True,20.428793,21.911130542627706
r3i1p1f1,1877,True,20.221445,21.610350193501343
r3i1p1f1,1878,True,19.589373,21.199036486574425
r3i1p1f1,1879,True,19.405945,20.803352444093218
r3i1p1f1,1880,True,20.248163,20.78334165743633
r3i1p1f1,1881,True,19.799322,20.63180665101666
r3i1p1f1,1882,True,20.768837,21.061766752187822
r3i1p1f1,1883,True,18.9142,21.202199362817897
r3i1p1f1,1884,True,18.891045,21.154148003868176
r3i1p1f1,1885,True,20.584558,21.178664803812786
r3i1p1f1,1886,True,21.407303,21.360892410506338
r3i1p1f1,1887,True,21.874601,21.362438677631175
r3i1p1f1,1888,True,21.511507,21.381444099627124
r3i1p1f1,1889,True,20.551985,20.943764765517045
r3i1p1f1,1890,True,20.945805,21.38582008932009
r3i1p1f1,1891,True,19.145445,21.10467697027886
r3i1p1f1,1892,True,20.332535,21.161629365536808
r3i1p1f1,1893,True,20.511889,20.7280571455692
r3i1p1f1,1894,True,22.32525,21.458614855065342
r3i1p1f1,1895,True,23.392153,21.881688465954518
r3i1p1f1,1896,True,23.119389,21.658143042094967
r3i1p1f1,1897,True,21.134117,21.815242946051338
r3i1p1f1,1898,True,20.905169,21.803891278803775
r3i1p1f1,1899,True,20.964289,21.861719347409498
r3i1p1f1,1900,True,21.146902,21.909316673269633
r3i1p1f1,1901,True,19.607758,21.66141900511298
r3i1p1f1,1902,True,21.40327,21.47642315423788
r3i1p1f1,1903,True,21.336367,21.830667322756597
r3i1p1f1,1904,True,22.101381,21.843974418203356
r3i1p1f1,1905,True,22.148682,21.623331939058293
r3i1p1f1,1906,True,23.163685,21.557396159980797
r3i1p1f1,1907,True,22.428164,21.69409334147117
r3i1p1f1,1908,True,22.027918,21.45629573017949
r3i1p1f1,1909,True,21.537884,21.459063795705013
r3i1p1f1,1910,True,21.542643,21.67593782638521
r3i1p1f1,1911,True,24.161808,21.40034096334993
r3i1p1f1,1912,True,22.848257,21.44880076460043
r3i1p1f1,1913,True,22.46212,21.637739534410947
r3i1p1f1,1914,True,24.3054,21.76241695328682
r3i1p1f1,1915,True,23.9276,22.06970195778263
r3i1p1f1,1916,True,25.011747,22.793170104355788
r3i1p1f1,1917,True,23.437735,22.89499211612922
r3i1p1f1,1918,True,21.897785,22.496750392575873
r3i1p1f1,1919,True,22.241833,22.40414109498323
r3i1p1f1,1920,True,23.234875,22.41249710408976
r3i1p1f1,1921,True,23.216856,22.455466071946653
r3i1p1f1,1922,True,21.896015,22.132423108781936
r3i1p1f1,1923,True,20.636631,22.28168097448419
r3i1p1f1,1924,True,22.112078,22.30023784387473
r3i1p1f1,1925,True,24.036268,21.943302028096028
r3i1p1f1,1926,True,21.917078,21.749110792484714
r3i1p1f1,1927,True,23.54844,21.501216762086813
r3i1p1f1,1928,True,21.934624,21.46355611491251
r3i1p1f1,1929,True,21.358364,21.20126163605231
r3i1p1f1,1930,True,19.410973,21.058822404636643
r3i1p1f1,1931,True,20.236067,21.16505449475073
r3i1p1f1,1932,True,21.13097,21.317318715994062
r3i1p1f1,1933,True,21.865328,21.05163334346066
r3i1p1f1,1934,True,22.730156,21.69765619507711
r3i1p1f1,1935,True,21.54557,21.603269440211484
r3i1p1f1,1936,True,19.824543,21.677029430649362
r3i1p1f1,1937,True,20.020205,21.651546200823834
r3i1p1f1,1938,True,20.600391,21.561288773314185
r3i1p1f1,1939,True,22.262344,21.728322737767826
r3i1p1f1,1940,True,24.002792,21.9428368244562
r3i1p1f1,1941,True,22.31291,22.37956876305068
r3i1p1f1,1942,True,23.01309,22.32094314020216
r3i1p1f1,1943,True,23.269924,22.397076409484487
r3i1p1f1,1944,True,22.855057,22.24934910150121
r3i1p1f1,1945,True,22.224613,22.151645877072454
r3i1p1f1,1946,True,22.127903,21.874706438542383
r3i1p1f1,1947,True,21.954594,21.82537124853526
r3i1p1f1,1948,True,22.967781,21.837437065273793
r3i1p1f1,1949,True,21.966648,22.248521398828466
r3i1p1f1,1950,True,21.49799,21.5861203747721
r3i1p1f1,1951,True,22.057722,21.247754211121546
r3i1p1f1,1952,True,20.489151,21.81476666563053
r3i1p1f1,1953,True,19.056702,21.824855051921755
r3i1p1f1,1954,True,18.203943,21.607935648616397
r3i1p1f1,1955,True,19.80528,21.278713530037813
r3i1p1f1,1956,True,21.030039,21.384462945276677
r3i1p1f1,1957,True,21.996586,22.001140003546574
r3i1p1f1,1958,True,23.569372,21.609209697073226
r3i1p1f1,1959,True,23.09377,21.78969160822284
r3i1p1f1,1960,True,22.501635,21.899119070165554
r3i1p1f1,1961,True,22.101347,21.373634800975132
r3i1p1f1,1962,True,22.495956,22.240281374826207
r3i1p1f1,1963,True,20.895096,22.529309923394482
r3i1p1f1,1964,True,22.383642,22.17852889052021
r3i1p1f1,1965,True,24.324493,22.512818715971434
r3i1p1f1,1966,True,23.658823,22.93947849538749
r3i1p1f1,1967,True,23.8834,22.717817069904527
r3i1p1f1,1968,True,23.898699,23.16609094801384
r3i1p1f1,1969,True,25.18872,23.56088681019097
r3i1p1f1,1970,True,22.55425,23.312279317684627
r3i1p1f1,1971,True,23.807436,23.402529110747817
r3i1p1f1,1972,True,22.674152,23.317627647496472
r3i1p1f1,1973,True,23.3773,23.469848811434346
r3i1p1f1,1974,True,24.520721,23.23829186642471
r3i1p1f1,1975,True,25.242268,23.73274529935728
r3i1p1f1,1976,True,25.358192,23.409184156199277
r3i1p1f1,1977,True,24.389908,23.336490526937453
r3i1p1f1,1978,True,24.836777,23.810416775048743
r3i1p1f1,1979,True,24.28445,23.885994153967744
r3i1p1f1,1980,True,22.521746,22.756759068576713
r3i1p1f1,1981,True,23.734484,22.809054087559122
r3i1p1f1,1982,True,23.130463,23.116226399567424
r3i1p1f1,1983,True,22.97667,22.893713521149927
r3i1p1f1,1984,True,22.562075,22.991388523964133
r3i1p1f1,1985,True,23.2004,23.63825616532729
r3i1p1f1,1986,True,22.68507,23.628067812955322
r3i1p1f1,1987,True,22.939884,23.730499748014616
r3i1p1f1,1988,True,22.069206,23.512310135236362
r3i1p1f1,1989,True,21.813976,23.15794048575536
r4i1p1f1,1853,True,21.102854,21.43668502968474
r4i1p1f1,1854,True,19.604048,21.606411862093804
r4i1p1f1,1855,True,21.077654,21.712520122918598
r4i1p1f1,1856,True,21.002523,21.380812064614467
r4i1p1f1,1857,True,20.9775,21.251799379792615
r4i1p1f1,1858,True,20.965881,21.2645242401245
r4i1p1f1,1859,True,20.985222,21.463777240555995
r4i1p1f1,1860,True,20.601141,21.54620466790442
r4i1p1f1,1861,True,21.35108,21.812425904758854
r4i1p1f1,1862,True,20.66625,21.946959467015443
r4i1p1f1,1863,True,21.502043,21.802223204860532
r4i1p1f1,1864,True,21.879704,21.925192473423873
r4i1p1f1,1865,True,21.005539,21.840016952773794
r4i1p1f1,1866,True,21.743198,22.044850969695464
r4i1p1f1,1867,True,22.418297,22.119682280377365
r4i1p1f1,1868,True,22.829332,21.663504532203408
r4i1p1f1,1869,True,22.17155,21.43254751245332
r4i1p1f1,1870,True,20.723217,21.21112886832119
r4i1p1f1,1871,True,21.461063,21.729449546730304
r4i1p1f1,1872,True,21.182873,21.86741330495608
r4i1p1f1,1873,True,22.407547,21.40991554831004
r4i1p1f1,1874,True,22.62219,21.48657186045561
r4i1p1f1,1875,True,21.89971,21.99386461429651
r4i1p1f1,1876,True,21.704336,21.654358322691284
r4i1p1f1,1877,True,21.611784,21.575942993886674
r4i1p1f1,1878,True,20.82014,22.23588513830086
r4i1p1f1,1879,True,21.949087,21.92518096022584
r4i1p1f1,1880,True,21.394835,21.185975912208832
r4i1p1f1,1881,True,22.322916,21.347698841296946
r4i1p1f1,1882,True,21.660042,21.420198124669987
r4i1p1f1,1883,True,22.102844,21.173926193289287
r4i1p1f1,1884,True,20.801582,21.057942400353124
r4i1p1f1,1885,True,21.092468,21.48631382880426
r4i1p1f1,1886,True,21.008022,21.38600927382812
r4i1p1f1,1887,True,21.00223,21.134924974533234
r4i1p1f1,1888,True,20.721167,21.320901567070173
r4i1p1f1,1889,True,22.816723,21.538656543980117
r4i1p1f1,1890,True,22.1974,21.645728824693705
r4i1p1f1,1891,True,22.103771,21.957672500738767
r4i1p1f1,1892,True,22.691818,22.009672069470497
r4i1p1f1,1893,True,21.960691,22.189190816941146
r4i1p1f1,1894,True,22.675295,22.09943863529338
r4i1p1f1,1895,True,22.036757,21.689016166985287
r4i1p1f1,1896,True,22.613281,21.783995628442042
r4i1p1f1,1897,True,23.16392,22.38817032378818
r4i1p1f1,1898,True,21.783033,22.106103213938702
r4i1p1f1,1899,True,22.528505,22.459372460956757
r4i1p1f1,1900,True,20.906824,21.998981112284202
r4i1p1f1,1901,True,20.386179,21.861456615888642
r4i1p1f1,1902,True,19.981173,21.667356401971226
r4i1p1f1,1903,True,20.564514,21.591135562862128
r4i1p1f1,1904,True,21.877096,21.733348658821154
r4i1p1f1,1905,True,24.371758,21.988609001286463
r4i1p1f1,1906,True,23.945042,22.173878232059987
r4i1p1f1,1907,True,22.916777,22.769346112121013
r4i1p1f1,1908,True,21.20186,22.46459787284709
r4i1p1f1,1909,True,21.228588,22.31036465685845
r4i1p1f1,1910,True,23.033733,22.63197727173168
r4i1p1f1,1911,True,23.562021,22.50856522237051
r4i1p1f1,1912,True,23.083124,22.275762853990138
r4i1p1f1,1913,True,23.212343,21.984521632646178
r4i1p1f1,1914,True,23.4632,22.379487475852887
r4i1p1f1,1915,True,23.201683,22.51108792628923
r4i1p1f1,1916,True,23.024992,22.472340648545302
r4i1p1f1,1917,True,21.99787,22.71992539694837
r4i1p1f1,1918,True,22.989922,22.466851072349357
r4i1p1f1,1919,True,22.613506,22.39248018049819
r4i1p1f1,1920,True,22.703176,22.156175683331252
r4i1p1f1,1921,True,24.183556,22.66775213676106
r4i1p1f1,1922,True,22.575642,22.5183160813274
r4i1p1f1,1923,True,22.646402,22.23359189145006
r4i1p1f1,1924,True,21.812632,21.979937512513406
r4i1p1f1,1925,True,20.758757,22.30470736212671
r4i1p1f1,1926,True,20.522972,22.124319841180668
r4i1p1f1,1927,True,20.584978,21.946711212565845
r4i1p1f1,1928,True,21.511774,22.650928213175234
r4i1p1f1,1929,True,22.882078,22.66594724128141
r4i1p1f1,1930,True,22.381222,23.085498525468594
r4i1p1f1,1931,True,21.398426,22.79315230242817
r4i1p1f1,1932,True,22.457481,22.559616242498585
r4i1p1f1,1933,True,21.1845,22.363275273252988
r4i1p1f1,1934,True,21.757284,22.02065984886968
r4i1p1f1,1935,True,22.593115,22.35657598716761
r4i1p1f1,1936,True,23.312534,22.54617729766186
r4i1p1f1,1937,True,22.997425,22.330117100082273
r4i1p1f1,1938,True,22.78955,22.21246706759047
r4i1p1f1,1939,True,22.561567,22.246716753830825
r4i1p1f1,1940,True,20.977238,22.130246181185207
r4i1p1f1,1941,True,21.513496,22.219644836298624
r4i1p1f1,1942,True,20.636213,22.33351291098477
r4i1p1f1,1943,True,21.647408,22.46673957002107
r4i1p1f1,1944,True,21.748129,22.20475980376324
r4i1p1f1,1945,True,21.85921,21.714426929186473
r4i1p1f1,1946,True,23.063595,21.863398051900344
r4i1p1f1,1947,True,23.139635,21.502723218804487
r4i1p1f1,1948,True,21.59345,21.66243284510233
r4i1p1f1,1949,True,22.855072,21.581332443058184
r4i1p1f1,1950,True,21.490944,21.919897026413445
r4i1p1f1,1951,True,22.524216,22.13760959431607
r4i1p1f1,1952,True,21.04651,21.771873860645574
r4i1p1f1,1953,True,20.401545,21.906636723288965
r4i1p1f1,1954,True,21.138044,22.655212861054135
r4i1p1f1,1955,True,21.835197,22.194755312599987
r4i1p1f1,1956,True,22.15311,22.46737674501587
r4i1p1f1,1957,True,22.326088,22.79941073930867
r4i1p1f1,1958,True,22.257107,22.512811197312434
r4i1p1f1,1959,True,21.399607,22.922193093180518
r4i1p1f1,1960,True,22.73838,23.24428352988106
r4i1p1f1,1961,True,22.45855,23.2429505982224
r4i1p1f1,1962,True,22.665781,22.99928611927941
r4i1p1f1,1963,True,23.666183,23.25885980421993
r4i1p1f1,1964,True,24.594866,23.177936241482726
r4i1p1f1,1965,True,24.72431,23.073920625267625
r4i1p1f1,1966,True,22.750563,23.449800995408207
r4i1p1f1,1967,True,22.090548,23.2538389433891
r4i1p1f1,1968,True,23.034693,23.425601051676075
r4i1p1f1,1969,True,23.96598,23.711085814576993
r4i1p1f1,1970,True,25.837465,23.186805961286865
r4i1p1f1,1971,True,24.689537,22.865625668915527
r4i1p1f1,1972,True,23.713326,23.20105314198957
r4i1p1f1,1973,True,24.239004,23.28169060975583
r4i1p1f1,1974,True,24.241308,22.81566627120621
r4i1p1f1,1975,True,23.761414,23.10320867176157
r4i1p1f1,1976,True,25.092422,23.592440803892316
r4i1p1f1,1977,True,23.749369,23.460613696735823
r4i1p1f1,1978,True,23.0299,22.892498491414013
r4i1p1f1,1979,True,24.388596,22.953024227038636
r4i1p1f1,1980,True,22.187136,22.92046845990472
r4i1p1f1,1981,True,21.685474,23.022434266134738
r4i1p1f1,1982,True,24.50159,23.703705879144835
r4i1p1f1,1983,True,25.112114,23.70583131854412
r4i1p1f1,1984,True,25.889828,23.63244378156954
r4i1p1f1,1985,True,25.57782,23.571235855687945
r4i1p1f1,1986,True,24.117737,23.303811135946734
r4i1p1f1,1987,True,23.728102,23.328321526682675
r4i1p1f1,1988,True,24.592545,23.467391136875232
r4i1p1f1,1989,True,24.69182,23.217106760936506
r5i1p1f1,1853,True,20.920305,21.642860532764995
r5i1p1f1,1854,True,20.15122,21.529617672044797
r5i1p1f1,1855,True,20.827145,21.97351734125387
r5i1p1f1,1856,True,19.672934,22.30967664876137
r5i1p1f1,1857,True,20.272629,21.863796777186824
r5i1p1f1,1858,True,20.412266,21.77925489129434
r5i1p1f1,1859,True,21.355968,21.56275529233175
r5i1p1f1,1860,True,21.556053,21.21580090948117
r5i1p1f1,1861,True,22.497526,21.655936376626375
r5i1p1f1,1862,True,19.99336,21.5661285014155
r5i1p1f1,1863,True,21.28053,21.646902909422046
r5i1p1f1,1864,True,22.23477,21.888052137305404
r5i1p1f1,1865,True,21.730158,22.11245554952782
r5i1p1f1,1866,True,21.139114,21.94187148706114
r5i1p1f1,1867,True,21.251532,22.24467267405734
r5i1p1f1,1868,True,21.914223,22.06511198822644
r5i1p1f1,1869,True,23.019718,22.259432412556
r5i1p1f1,1870,True,22.921713,22.238632190990966
r5i1p1f1,1871,True,22.932644,22.00761807949998
r5i1p1f1,1872,True,23.698868,22.309809474610397
r5i1p1f1,1873,True,22.402683,21.851513945729035
r5i1p1f1,1874,True,22.599548,22.0711166699003
r5i1p1f1,1875,True,21.552383,21.869423330139213
r5i1p1f1,1876,True,22.074532,21.60739528870487
r5i1p1f1,1877,True,20.65546,21.29027711044763
r5i1p1f1,1878,True,20.206144,20.96671536517656
r5i1p1f1,1879,True,20.054636,20.725497602151545
r5i1p1f1,1880,True,19.875353,20.613399280165737
r5i1p1f1,1881,True,21.154913,21.00414910085402
r5i1p1f1,1882,True,19.682112,21.013697148296504
r5i1p1f1,1883,True,19.940508,20.451661855019662
r5i1p1f1,1884,True,18.67485,20.43763076662285
r5i1p1f1,1885,True,19.114157,20.60803361685334
r5i1p1f1,1886,True,18.406818,20.724739387629537
r5i1p1f1,1887,True,18.922184,21.085003360025347
r5i1p1f1,1888,True,19.760452,21.123654316592106
r5i1p1f1,1889,True,20.249836,20.996635998049456
r5i1p1f1,1890,True,21.066513,20.984557900041132
r5i1p1f1,1891,True,22.413393,20.89681576874828
r5i1p1f1,1892,True,23.006353,21.578106297507272
r5i1p1f1,1893,True,22.725374,22.038485554176276
r5i1p1f1,1894,True,22.551712,22.11409783817954
r5i1p1f1,1895,True,19.975245,21.94550943623858
r5i1p1f1,1896,True,22.14228,22.223496789181105
r5i1p1f1,1897,True,21.536934,22.354047249464486
r5i1p1f1,1898,True,21.484941,22.218516455975887
r5i1p1f1,1899,True,20.878695,22.171826858323083
r5i1p1f1,1900,True,19.088663,22.079120254555036
r5i1p1f1,1901,True,19.178755,22.11316793149913
r5i1p1f1,1902,True,19.146399,21.661087990497148
r5i1p1f1,1903,True,19.66071,21.489683361852546
r5i1p1f1,1904,True,21.273643,21.37715531337561
r5i1p1f1,1905,True,22.950445,21.557441028678262
r5i1p1f1,1906,True,22.131758,21.650648754174632
r5i1p1f1,1907,True,20.727076,22.02573998550886
r5i1p1f1,1908,True,21.061298,22.01398959272075
r5i1p1f1,1909,True,22.191471,21.795050379006803
r5i1p1f1,1910,True,21.985853,21.901746696759947
r5i1p1f1,1911,True,21.985426,22.32214639431289
r5i1p1f1,1912,True,22.75083,22.02164327036793
r5i1p1f1,1913,True,22.437424,21.928221431608787
r5i1p1f1,1914,True,22.422739,22.05680472830559
r5i1p1f1,1915,True,22.051481,21.695937416906126
r5i1p1f1,1916,True,22.028671,21.386169031233443
r5i1p1f1,1917,True,21.559235,21.47911495874297
r5i1p1f1,1918,True,21.002478,21.737711041397606
r5i1p1f1,1919,True,21.782143,21.999052242829894
r5i1p1f1,1920,True,22.994097,21.758326187440748
r5i1p1f1,1921,True,22.629162,21.664228384073386
r5i1p1f1,1922,True,21.888954,22.055023384539513
r5i1p1f1,1923,True,21.598537,22.24951435187657
r5i1p1f1,1924,True,20.692064,21.93698121405419
r5i1p1f1,1925,True,20.774858,21.91417541709581
r5i1p1f1,1926,True,22.90303,21.952293686764914
r5i1p1f1,1927,True,22.509542,21.831099196823875
r5i1p1f1,1928,True,22.255434,21.563872785265094
r5i1p1f1,1929,True,22.55634,21.76943841448677
r5i1p1f1,1930,True,21.486532,21.655810236683266
r5i1p1f1,1931,True,20.60286,21.772686593184876
r5i1p1f1,1932,True,21.015297,22.313794037938628
r5i1p1f1,1933,True,21.604626,22.395749391209897
r5i1p1f1,1934,True,22.90031,21.89724080667634
r5i1p1f1,1935,True,21.314938,21.518649036417983
r5i1p1f1,1936,True,21.841866,21.55904317073909
r5i1p1f1,1937,True,22.896185,21.725862193682698
r5i1p1f1,1938,True,21.18981,21.579786273400977
r5i1p1f1,1939,True,22.119465,21.635278505655922
r5i1p1f1,1940,True,22.066004,21.553958241995225
r5i1p1f1,1941,True,22.6022,21.191904630729503
r5i1p1f1,1942,True,22.435722,21.602396410443966
r5i1p1f1,1943,True,22.67539,21.92570706713149
r5i1p1f1,1944,True,23.923277,21.89181494666877
r5i1p1f1,1945,True,23.065825,21.763263995861447
r5i1p1f1,1946,True,21.345798,21.326940009331242
r5i1p1f1,1947,True,20.429129,21.049993680851863
r5i1p1f1,1948,True,20.447973,21.633291336468776
r5i1p1f1,1949,True,21.643082,22.019251662509266
r5i1p1f1,1950,True,21.538994,22.006102504772738
r5i1p1f1,1951,True,21.838337,22.45639325913299
r5i1p1f1,1952,True,22.374699,22.738970011841875
r5i1p1f1,1953,True,22.784681,22.51959337655374
r5i1p1f1,1954,True,24.163656,22.883009674853913
r5i1p1f1,1955,True,22.857525,22.998460414636583
r5i1p1f1,1956,True,22.375164,22.541401428110937
r5i1p1f1,1957,True,23.623192,22.12817307575389
r5i1p1f1,1958,True,23.676071,22.31211436252276
r5i1p1f1,1959,True,23.324902,22.473017380575744
r5i1p1f1,1960,True,22.16992,21.905748678912484
r5i1p1f1,1961,True,21.544256,22.136005051092347
r5i1p1f1,1962,True,22.285791,22.36293025076326
r5i1p1f1,1963,True,24.059977,22.686733798820566
r5i1p1f1,1964,True,25.541204,22.436570173589452
r5i1p1f1,1965,True,24.056713,22.581763496521873
r5i1p1f1,1966,True,23.138474,22.52479978028844
r5i1p1f1,1967,True,22.7727,22.46445653028007
r5i1p1f1,1968,True,24.22067,22.367816967663888
r5i1p1f1,1969,True,23.433996,22.89891495355003
r5i1p1f1,1970,True,24.048807,22.92203233633984
r5i1p1f1,1971,True,24.154058,22.475128543403322
r5i1p1f1,1972,True,23.978344,22.637335818525504
r5i1p1f1,1973,True,24.120703,23.10432337985985
r5i1p1f1,1974,True,24.872215,23.53913493617591
r5i1p1f1,1975,True,25.029602,23.66819501138671
r5i1p1f1,1976,True,24.59744,23.498118111052335
r5i1p1f1,1977,True,26.29556,23.51120666509086
r5i1p1f1,1978,True,24.08314,23.20863904305416
r5i1p1f1,1979,True,23.14989,23.452236847663546
r5i1p1f1,1980,True,23.979773,23.77222089850733
r5i1p1f1,1981,True,22.257513,23.637096854883747
r5i1p1f1,1982,True,23.495375,23.345679683623374
r5i1p1f1,1983,True,24.741486,23.661544662495356
r5i1p1f1,1984,True,24.941244,23.775446080938803
r5i1p1f1,1985,True,25.36097,23.613343285886682
r5i1p1f1,1986,True,24.285206,23.58882910294362
r5i1p1f1,1987,True,22.69547,22.906460454754775
r5i1p1f1,1988,True,22.518297,23.090068542212737
r5i1p1f1,1989,True,20.95069,23.105380485431798
r6i1p1f1,1853,True,21.578318,21.359822748137386
r6i1p1f1,1854,True,22.933962,21.140336089345432
r6i1p1f1,1855,True,22.44022,21.32538341055792
r6i1p1f1,1856,True,21.950745,21.800372207605015
r6i1p1f1,1857,True,22.108429,21.14415874944237
r6i1p1f1,1858,True,20.680231,20.972902704143397
r6i1p1f1,1859,True,20.295881,21.21142816960552
r6i1p1f1,1860,True,19.220928,20.758129206507558
r6i1p1f1,1861,True,19.32319,20.662998435754286
r6i1p1f1,1862,True,20.221594,21.147811164987118
r6i1p1f1,1863,True,20.468227,21.470116788765978
r6i1p1f1,1864,True,20.45566,21.034012697437397
r6i1p1f1,1865,True,19.303312,21.5009739469725
r6i1p1f1,1866,True,22.574223,21.657056848566974
r6i1p1f1,1867,True,22.644875,21.730070449550453
r6i1p1f1,1868,True,23.977503,21.66403075711351
r6i1p1f1,1869,True,23.46401,22.126770793832787
r6i1p1f1,1870,True,23.607197,22.110179246425908
r6i1p1f1,1871,True,24.708275,21.96766568364096
r6i1p1f1,1872,True,23.762388,21.794206113956683
r6i1p1f1,1873,True,22.67864,22.10494608844575
r6i1p1f1,1874,True,23.27436,22.16142956625786
r6i1p1f1,1875,True,20.4955,22.332255820150046
r6i1p1f1,1876,True,21.97504,22.13928240524269
r6i1p1f1,1877,True,22.262753,21.988641328085098
r6i1p1f1,1878,True,22.01753,21.738400052304012
r6i1p1f1,1879,True,21.495686,21.66729028919058
r6i1p1f1,1880,True,19.9004,21.711361396481735
r6i1p1f1,1881,True,19.83159,21.527457355008476
r6i1p1f1,1882,True,18.915665,21.388381050635495
r6i1p1f1,1883,True,17.934458,21.509433597196896
r6i1p1f1,1884,True,17.443989,21.31953889272149
r6i1p1f1,1885,True,17.396193,20.870124355982067
r6i1p1f1,1886,True,17.449339,21.138698677305463
r6i1p1f1,1887,True,18.54454,21.267600604497716
r6i1p1f1,1888,True,19.717432,21.211922757607507
r6i1p1f1,1889,True,21.092123,21.117807105016276
r6i1p1f1,1890,True,22.502775,21.571707971014376
r6i1p1f1,1891,True,22.868248,21.343386991116976
r6i1p1f1,1892,True,21.451647,21.26194925815835
r6i1p1f1,1893,True,22.435444,21.67920293912427
r6i1p1f1,1894,True,23.024397,22.151390091320238
r6i1p1f1,1895,True,22.659056,21.518085468705195
r6i1p1f1,1896,True,22.596857,21.434899086059623
r6i1p1f1,1897,True,22.855202,21.486966229506834
r6i1p1f1,1898,True,23.753748,21.174352819255763
r6i1p1f1,1899,True,23.197407,21.31950353916211
r6i1p1f1,1900,True,23.603188,21.75751491354825
r6i1p1f1,1901,True,22.720152,21.396089041747658
r6i1p1f1,1902,True,24.385008,21.62984756757351
r6i1p1f1,1903,True,22.26142,21.54553701140712
r6i1p1f1,1904,True,21.483234,22.08052903712985
r6i1p1f1,1905,True,22.053288,22.53486980288192
r6i1p1f1,1906,True,21.695765,22.359582552677136
r6i1p1f1,1907,True,21.679691,22.234961887695242
r6i1p1f1,1908,True,21.334984,22.315215912816328
r6i1p1f1,1909,True,21.38158,22.098000233836316
r6i1p1f1,1910,True,21.935299,22.187621199469824
r6i1p1f1,1911,True,22.152515,22.34130461730236
r6i1p1f1,1912,True,21.865032,21.884255844436474
r6i1p1f1,1913,True,21.504534,21.737479145089008
r6i1p1f1,1914,True,20.968824,21.45956845893563
r6i1p1f1,1915,True,19.986803,21.630747268395776
r6i1p1f1,1916,True,19.262972,21.588427772387025
r6i1p1f1,1917,True,19.701439,21.94244245873796
r6i1p1f1,1918,True,20.51536,21.866613380150316
r6i1p1f1,1919,True,21.247862,22.30766375281148
r6i1p1f1,1920,True,22.707163,22.250952908239633
r6i1p1f1,1921,True,22.015675,22.078291179635116
r6i1p1f1,1922,True,22.394558,22.141436241397837
r6i1p1f1,1923,True,22.549028,22.05192660997977
r6i1p1f1,1924,True,22.178312,22.166709129144266
r6i1p1f1,1925,True,21.165745,22.206282497488953
r6i1p1f1,1926,True,21.064447,21.542308119755866
r6i1p1f1,1927,True,22.209406,21.53459260719999
r6i1p1f1,1928,True,22.929546,21.613442964682463
r6i1p1f1,1929,True,23.364717,21.112767735869863
r6i1p1f1,1930,True,22.531153,21.64791670780018
r6i1p1f1,1931,True,22.62104,22.031160868896617
r6i1p1f1,1932,True,23.404015,21.742967549220115
r6i1p1f1,1933,True,23.203262,22.07854182996396
r6i1p1f1,1934,True,23.360405,22.021694818879332
r6i1p1f1,1935,True,21.071924,21.562075380570874
r6i1p1f1,1936,True,20.245037,21.52055214476681
r6i1p1f1,1937,True,19.808222,21.589668499110886
r6i1p1f1,1938,True,20.259243,21.740214224983834
r6i1p1f1,1939,True,20.996956,21.42915687113455
r6i1p1f1,1940,True,21.367455,21.21250992838717
r6i1p1f1,1941,True,20.248735,21.6899054445008
r6i1p1f1,1942,True,20.213472,21.71890122860925
r6i1p1f1,1943,True,20.901258,21.869222087048342
r6i1p1f1,1944,True,20.828318,21.79720621613367
r6i1p1f1,1945,True,21.93824,22.046873197489365
r6i1p1f1,1946,True,22.967869,21.94601719385799
r6i1p1f1,1947,True,22.853205,21.792639316832584
r6i1p1f1,1948,True,21.549004,21.723486910300192
r6i1p1f1,1949,True,22.772757,22.042263200839066
r6i1p1f1,1950,True,23.653017,22.074847317844096
r6i1p1f1,1951,True,24.318851,22.020316064105543
r6i1p1f1,1952,True,24.623234,22.297760275297144
r6i1p1f1,1953,True,25.429157,21.79486377955844
r6i1p1f1,1954,True,22.417694,22.38020769426787
r6i1p1f1,1955,True,22.869051,22.583629371200278
r6i1p1f1,1956,True,21.652115,22.500801470976615
r6i1p1f1,1957,True,22.949154,22.40629245935046
r6i1p1f1,1958,True,21.79683,22.208907051575103
r6i1p1f1,1959,True,22.646944,22.11740613709751
r6i1p1f1,1960,True,22.652637,22.247404208887176
r6i1p1f1,1961,True,22.96865,22.44999242889591
r6i1p1f1,1962,True,20.53028,22.149023576419527
r6i1p1f1,1963,True,22.85515,22.554625445949604
r6i1p1f1,1964,True,22.0585,22.624221381561618
r6i1p1f1,1965,True,21.7125,22.456670426275892
r6i1p1f1,1966,True,21.465334,22.55885787048321
r6i1p1f1,1967,True,22.11249,22.806571738731122
r6i1p1f1,1968,True,21.195217,22.897732846354504
r6i1p1f1,1969,True,22.07432,22.76401013623634
r6i1p1f1,1970,True,23.497507,22.980844786573236
r6i1p1f1,1971,True,22.760628,22.98750861492716
r6i1p1f1,1972,True,22.629011,22.895047207573313
r6i1p1f1,1973,True,22.723385,22.900176498600672
r6i1p1f1,1974,True,21.78363,23.121410628624794
r6i1p1f1,1975,True,22.282991,23.28714912519867
r6i1p1f1,1976,True,22.797235,23.557236608998064
r6i1p1f1,1977,True,22.003105,24.023364010173122
r6i1p1f1,1978,True,23.531637,23.997278324054985
r6i1p1f1,1979,True,24.493896,23.939981229769398
r6i1p1f1,1980,True,25.421932,24.02481484113389
r6i1p1f1,1981,True,25.899343,23.822870171710257
r6i1p1f1,1982,True,25.24612,23.604368380691753
r6i1p1f1,1983,True,26.133904,22.927473906390976
r6i1p1f1,1984,True,26.439512,23.01895787490774
r6i1p1f1,1985,True,24.81751,23.1121018703229
r6i1p1f1,1986,True,23.899483,23.098578679256953
r6i1p1f1,1987,True,23.463802,23.35838001183972
r6i1p1f1,1988,True,22.600832,22.989932037242085
r6i1p1f1,1989,True,21.509563,22.660163765833058
r7i1p1f1,1853,True,19.724766,21.337042811011155
r7i1p1f1,1854,True,20.975498,21.537689855465825
r7i1p1f1,1855,True,20.309351,21.401987833356355
r7i1p1f1,1856,True,20.78353,21.423931264845308
r7i1p1f1,1857,True,21.250053,21.07001391565603
r7i1p1f1,1858,True,19.86944,20.723620817635798
r7i1p1f1,1859,True,18.516243,20.616880947936796
r7i1p1f1,1860,True,19.119007,20.539619644304445
r7i1p1f1,1861,True,19.886234,20.751255448267706
r7i1p1f1,1862,True,20.050741,20.664590321898885
r7i1p1f1,1863,True,21.697035,20.803440742498616
r7i1p1f1,1864,True,21.433187,20.675708637786588
r7i1p1f1,1865,True,21.516287,21.446117783352477
r7i1p1f1,1866,True,21.457134,21.4514585234509
r7i1p1f1,1867,True,22.539299,21.10244309923808
r7i1p1f1,1868,True,21.719313,21.559505486081843
r7i1p1f1,1869,True,22.575449,21.666373612961074
r7i1p1f1,1870,True,24.723257,21.458049746158103
r7i1p1f1,1871,True,23.981236,21.552456513236592
r7i1p1f1,1872,True,22.548962,21.129812459167088
r7i1p1f1,1873,True,21.95158,21.213483242793636
r7i1p1f1,1874,True,21.421595,21.319208100483866
r7i1p1f1,1875,True,20.987051,21.36368903224087
r7i1p1f1,1876,True,21.933891,21.027585003094128
r7i1p1f1,1877,True,22.375034,21.37986932051625
r7i1p1f1,1878,True,20.606718,21.742323269032266
r7i1p1f1,1879,True,20.474283,21.363992304421178
r7i1p1f1,1880,True,21.382252,21.416141408491008
r7i1p1f1,1881,True,21.803764,21.33148355355032
r7i1p1f1,1882,True,21.18907,21.25760502560064
r7i1p1f1,1883,True,21.928297,21.047659817998724
r7i1p1f1,1884,True,21.556065,21.36880235456172
r7i1p1f1,1885,True,21.94489,21.198880964540958
r7i1p1f1,1886,True,20.975323,21.381670467856864
r7i1p1f1,1887,True,21.984146,21.261927003360228
r7i1p1f1,1888,True,22.857191,21.11145307451754
r7i1p1f1,1889,True,21.683516,21.403259846836704
r7i1p1f1,1890,True,22.537567,21.66925257990077
r7i1p1f1,1891,True,22.287844,21.73678232073571
r7i1p1f1,1892,True,22.416216,21.97631431276865
r7i1p1f1,1893,True,21.707165,21.995861054379578
r7i1p1f1,1894,True,22.715021,21.725869073581652
r7i1p1f1,1895,True,22.352863,21.57119322644275
r7i1p1f1,1896,True,20.691816,21.104529369469695
r7i1p1f1,1897,True,21.392593,21.202152098688288
r7i1p1f1,1898,True,22.40072,21.474200133205883
r7i1p1f1,1899,True,21.954414,21.16048059466065
r7i1p1f1,1900,True,22.339115,21.22939145119692
r7i1p1f1,1901,True,23.070469,21.5596573423188
r7i1p1f1,1902,True,22.596245,21.48196059591245
r7i1p1f1,1903,True,21.174978,21.551228730166173
r7i1p1f1,1904,True,21.583725,21.838535408318116
r7i1p1f1,1905,True,21.571268,21.609634448846926
r7i1p1f1,1906,True,23.095377,21.71343581501916
r7i1p1f1,1907,True,24.18835,21.694359770619673
r7i1p1f1,1908,True,23.153408,21.680121424139504
r7i1p1f1,1909,True,21.953543,21.800469704744028
r7i1p1f1,1910,True,22.06056,21.510743419780017
r7i1p1f1,1911,True,22.215332,21.75307758720192
r7i1p1f1,1912,True,22.256102,21.65808224250849
r7i1p1f1,1913,True,20.772127,22.1433301714367
r7i1p1f1,1914,True,21.98269,21.594824390815475
r7i1p1f1,1915,True,22.608568,22.094433639005803
r7i1p1f1,1916,True,21.373747,22.15533257477263
r7i1p1f1,1917,True,20.8663,21.79756312136544
r7i1p1f1,1918,True,20.514818,21.875576883361035
r7i1p1f1,1919,True,21.839245,22.208863970570732
r7i1p1f1,1920,True,20.876232,21.94708464839882
r7i1p1f1,1921,True,21.009031,21.78823557681778
r7i1p1f1,1922,True,21.71822,21.96704177447548
r7i1p1f1,1923,True,21.73314,21.645667722063987
r7i1p1f1,1924,True,21.425802,21.209418919766275
r7i1p1f1,1925,True,22.251001,21.5483242480304
r7i1p1f1,1926,True,21.816336,21.614292286058355
r7i1p1f1,1927,True,21.33443,21.78727572300732
r7i1p1f1,1928,True,21.299534,21.462522057235287
r7i1p1f1,1929,True,22.24733,21.57694393837638
r7i1p1f1,1930,True,19.914032,21.85053309563539
r7i1p1f1,1931,True,20.40221,21.47054357064086
r7i1p1f1,1932,True,20.80495,21.583027430895648
r7i1p1f1,1933,True,20.013422,21.46810499005769
r7i1p1f1,1934,True,19.923601,21.110266900336562
r7i1p1f1,1935,True,20.077753,21.713772139829807
r7i1p1f1,1936,True,21.613842,21.65181806890793
r7i1p1f1,1937,True,21.632357,21.9971691687223
r7i1p1f1,1938,True,20.67356,22.16483708040441
r7i1p1f1,1939,True,22.084911,22.211095378709043
r7i1p1f1,1940,True,21.471937,21.8515778770978
r7i1p1f1,1941,True,20.943176,21.63312719272871
r7i1p1f1,1942,True,21.825245,21.999702066449636
r7i1p1f1,1943,True,21.082258,22.00408684522862
r7i1p1f1,1944,True,21.318962,21.706898512488472
r7i1p1f1,1945,True,22.115671,21.98827855984466
r7i1p1f1,1946,True,21.080736,21.60564575863521
r7i1p1f1,1947,True,20.922176,21.433936947119477
r7i1p1f1,1948,True,19.956173,22.190651009169745
r7i1p1f1,1949,True,20.8299,22.462565942252866
r7i1p1f1,1950,True,22.78183,22.40378106258884
r7i1p1f1,1951,True,22.546213,22.37529711505466
r7i1p1f1,1952,True,21.310555,22.21647665102399
r7i1p1f1,1953,True,19.506157,21.986352651878917
r7i1p1f1,1954,True,18.966223,21.687921263143107
r7i1p1f1,1955,True,19.973722,21.915816936659347
r7i1p1f1,1956,True,20.845072,21.81623959893824
r7i1p1f1,1957,True,21.081375,21.872508154710303
r7i1p1f1,1958,True,22.55446,21.973305847665912
r7i1p1f1,1959,True,22.091522,21.86534561926174
r7i1p1f1,1960,True,21.71959,21.735974019853174
r7i1p1f1,1961,True,22.282375,21.955786203374174
r7i1p1f1,1962,True,23.480593,22.87811948409322
r7i1p1f1,1963,True,23.878489,22.977907171232378
r7i1p1f1,1964,True,24.006271,22.863680160810304
r7i1p1f1,1965,True,24.637749,23.122642193998292
r7i1p1f1,1966,True,23.800156,23.443568107383758
r7i1p1f1,1967,True,24.118004,23.00595788028318
r7i1p1f1,1968,True,23.784752,22.884880199445796
r7i1p1f1,1969,True,21.626886,23.48242864741667
r7i1p1f1,1970,True,22.071901,23.2365777632386
r7i1p1f1,1971,True,20.725052,23.174300154509737
r7i1p1f1,1972,True,22.838524,23.746359685324236
r7i1p1f1,1973,True,22.737194,23.49506062001246
r7i1p1f1,1974,True,22.79031,23.552175278489045
r7i1p1f1,1975,True,23.511143,23.629908383327475
r7i1p1f1,1976,True,24.20828,23.52353813762308
r7i1p1f1,1977,True,23.803589,23.543287615422134
r7i1p1f1,1978,True,23.816319,23.218261837540926
r7i1p1f1,1979,True,23.356012,23.55025077298282
r7i1p1f1,1980,True,23.43665,23.64008970114575
r7i1p1f1,1981,True,25.117598,23.489194528057645
r7i1p1f1,1982,True,26.238049,23.74340402949108
r7i1p1f1,1983,True,25.934593,23.679708611140143
r7i1p1f1,1984,True,24.594662,23.486102593634115
r7i1p1f1,1985,True,24.716196,23.98630764243773
r7i1p1f1,1986,True,23.50588,23.851306849368992
r7i1p1f1,1987,True,23.963314,23.847286594355342
r7i1p1f1,1988,True,23.297935,23.70191378580145
r7i1p1f1,1989,True,24.028997,23.37336054548777
r8i1p1f1,1853,True,23.643072,22.274987564783157
r8i1p1f1,1854,True,23.021862,21.645594358467008
r8i1p1f1,1855,True,21.482153,21.447864181561943
r8i1p1f1,1856,True,21.17014,21.920151030931105
r8i1p1f1,1857,True,20.063248,21.631987323039553
r8i1p1f1,1858,True,20.476986,21.50782832130401
r8i1p1f1,1859,True,19.144974,21.278302521171376
r8i1p1f1,1860,True,19.284544,20.92171974829534
r8i1p1f1,1861,True,19.150183,20.95350903942324
r8i1p1f1,1862,True,20.606133,21.21707880120018
r8i1p1f1,1863,True,22.201756,20.966323206719224
r8i1p1f1,1864,True,22.472748,21.22525940659002
r8i1p1f1,1865,True,22.525686,21.603712356743202
r8i1p1f1,1866,True,22.61369,21.470264219335153
r8i1p1f1,1867,True,21.759733,21.286956500514027
r8i1p1f1,1868,True,21.466612,21.163212918145323
r8i1p1f1,1869,True,21.85796,21.233698679945665
r8i1p1f1,1870,True,21.558655,21.394183569370668
r8i1p1f1,1871,True,20.565514,21.214566613517672
r8i1p1f1,1872,True,21.378735,21.673108419339194
r8i1p1f1,1873,True,22.25111,21.628632250088764
r8i1p1f1,1874,True,21.08536,21.5812875717961
r8i1p1f1,1875,True,20.483477,21.78284601920881
r8i1p1f1,1876,True,21.687565,21.4903233153737
r8i1p1f1,1877,True,21.615564,21.39232633758658
r8i1p1f1,1878,True,21.228458,21.442707724511443
r8i1p1f1,1879,True,21.340221,21.223539888485366
r8i1p1f1,1880,True,22.077362,21.244349890410838
r8i1p1f1,1881,True,21.605276,21.105528334252885
r8i1p1f1,1882,True,21.886873,20.953081955797543
r8i1p1f1,1883,True,20.263926,21.25304768884504
r8i1p1f1,1884,True,20.820847,21.302869935582198
r8i1p1f1,1885,True,20.638851,21.314038849632848
r8i1p1f1,1886,True,22.123114,20.90812994661082
r8i1p1f1,1887,True,21.04577,21.220023033404164
r8i1p1f1,1888,True,21.260046,21.460101993842244
r8i1p1f1,1889,True,21.840057,22.052738791193665
r8i1p1f1,1890,True,22.163933,21.73168494706489
r8i1p1f1,1891,True,21.699324,22.32587083743941
r8i1p1f1,1892,True,22.401892,22.492475191258226
r8i1p1f1,1893,True,20.560987,22.13712699707633
r8i1p1f1,1894,True,20.865091,22.657053640188984
r8i1p1f1,1895,True,20.150097,22.76034358296679
r8i1p1f1,1896,True,22.223038,22.29200099092222
r8i1p1f1,1897,True,23.836412,22.561935275605535
r8i1p1f1,1898,True,23.544447,22.407355984312133
r8i1p1f1,1899,True,22.26282,21.66430571039629
r8i1p1f1,1900,True,21.919333,21.745529678709445
r8i1p1f1,1901,True,21.302307,22.09402577648444
r8i1p1f1,1902,True,21.37642,21.967273818314137
r8i1p1f1,1903,True,23.490786,21.94384022018287
r8i1p1f1,1904,True,22.910059,22.07030008767105
r8i1p1f1,1905,True,22.712454,21.921062550223283
r8i1p1f1,1906,True,23.353868,22.296617970539213
r8i1p1f1,1907,True,24.053886,22.5056275984788
r8i1p1f1,1908,True,23.258831,22.860757676874066
r8i1p1f1,1909,True,22.644014,22.61467187700194
r8i1p1f1,1910,True,21.467537,22.353713023551844
r8i1p1f1,1911,True,19.712069,22.57244811857036
r8i1p1f1,1912,True,20.477116,22.217827474618467
r8i1p1f1,1913,True,19.889042,22.337833544241956
r8i1p1f1,1914,True,20.81247,22.897282527122687
r8i1p1f1,1915,True,21.616241,22.801488742448328
r8i1p1f1,1916,True,23.599821,23.085973710484
r8i1p1f1,1917,True,22.160448,22.852919077829664
r8i1p1f1,1918,True,21.078663,22.614291963646657
r8i1p1f1,1919,True,21.363867,22.563458502583
r8i1p1f1,1920,True,22.389767,22.42506165533894
r8i1p1f1,1921,True,20.483685,22.106444255679524
r8i1p1f1,1922,True,21.339216,22.128462923021548
r8i1p1f1,1923,True,21.462725,22.199236373248244
r8i1p1f1,1924,True,21.669594,22.24819925972481
r8i1p1f1,1925,True,21.603308,22.18707248273197
r8i1p1f1,1926,True,24.317982,22.189642527470227
r8i1p1f1,1927,True,22.009092,21.986079794031735
r8i1p1f1,1928,True,21.179768,22.022034047122897
r8i1p1f1,1929,True,20.09325,21.93406193246433
r8i1p1f1,1930,True,20.66469,21.74633327775386
r8i1p1f1,1931,True,21.186436,22.10869227457511
r8i1p1f1,1932,True,21.669275,22.004645774708578
r8i1p1f1,1933,True,22.592459,22.037042155228878
r8i1p1f1,1934,True,22.297758,22.070656292593753
r8i1p1f1,1935,True,22.433826,22.055771190336248
r8i1p1f1,1936,True,21.672943,22.303009466344374
r8i1p1f1,1937,True,23.304626,22.31300785287934
r8i1p1f1,1938,True,24.043179,21.97250434822419
r8i1p1f1,1939,True,23.400274,21.907316127995426
r8i1p1f1,1940,True,23.780256,21.973887867924955
r8i1p1f1,1941,True,22.120932,22.05753439698206
r8i1p1f1,1942,True,22.13867,22.811355540133974
r8i1p1f1,1943,True,22.60477,22.755135129186133
r8i1p1f1,1944,True,21.457535,22.35837285583595
r8i1p1f1,1945,True,22.22608,22.112681180046458
r8i1p1f1,1946,True,23.043016,22.53686358047728
r8i1p1f1,1947,True,21.386408,22.558272313506098
r8i1p1f1,1948,True,21.148611,22.114386292811602
r8i1p1f1,1949,True,21.066416,21.850458498981954
r8i1p1f1,1950,True,20.42731,22.179050802058818
r8i1p1f1,1951,True,21.722876,21.93481127235508
r8i1p1f1,1952,True,22.831902,22.172485339542828
r8i1p1f1,1953,True,23.562002,22.45897389088158
r8i1p1f1,1954,True,21.752851,22.112180784448274
r8i1p1f1,1955,True,22.014076,22.05809087696331
r8i1p1f1,1956,True,21.744,22.178540121648812
r8i1p1f1,1957,True,20.967146,22.09881300593796
r8i1p1f1,1958,True,22.016262,21.94474104836466
r8i1p1f1,1959,True,23.599379,21.983251387699987
r8i1p1f1,1960,True,23.437922,21.922214632128053
r8i1p1f1,1961,True,22.998083,21.591841293747034
r8i1p1f1,1962,True,22.54424,22.36812882424457
r8i1p1f1,1963,True,23.517534,23.21102434468772
r8i1p1f1,1964,True,23.295101,23.34233292867097
r8i1p1f1,1965,True,22.086393,22.68790806235171
r8i1p1f1,1966,True,22.24672,22.83153206495785
r8i1p1f1,1967,True,23.516191,22.585656080925038
r8i1p1f1,1968,True,22.841997,22.773618867655884
r8i1p1f1,1969,True,23.661058,23.019510899432987
r8i1p1f1,1970,True,23.624744,22.699914507046117
r8i1p1f1,1971,True,22.474552,23.117851409294893
r8i1p1f1,1972,True,22.853443,23.02362273099055
r8i1p1f1,1973,True,24.989113,22.808153032579245
r8i1p1f1,1974,True,25.75696,22.92474135082255
r8i1p1f1,1975,True,23.377695,22.511944527867065
r8i1p1f1,1976,True,23.723671,22.905684098253627
r8i1p1f1,1977,True,24.32168,22.771416184155186
r8i1p1f1,1978,True,24.193052,22.835184304275067
r8i1p1f1,1979,True,24.946838,22.952084946896363
r8i1p1f1,1980,True,24.815731,23.034673941802716
r8i1p1f1,1981,True,25.53103,23.261433201387362
r8i1p1f1,1982,True,24.311375,23.192382530514422
r8i1p1f1,1983,True,24.203722,23.30704936890446
r8i1p1f1,1984,True,23.594986,23.52025255195822
r8i1p1f1,1985,True,24.38644,23.341568660484928
r8i1p1f1,1986,True,24.464243,23.440258595323595
r8i1p1f1,1987,True,25.016394,23.703803520998274
r8i1p1f1,1988,True,22.856085,23.65692376885943
r8i1p1f1,1989,True,20.752722,23.015327436164526
r9i1p1f1,1853,True,22.852432,21.44058363165068
r9i1p1f1,1854,True,22.07416,21.87747412341351
r9i1p1f1,1855,True,22.06761,21.54182234806072
r9i1p1f1,1856,True,20.95863,21.593630524864395
r9i1p1f1,1857,True,19.947454,21.44974756259789
r9i1p1f1,1858,True,21.301313,20.804458320307504
r9i1p1f1,1859,True,21.494293,20.79816991785037
r9i1p1f1,1860,True,21.931982,21.123161747326318
r9i1p1f1,1861,True,19.844307,21.20015821757659
r9i1p1f1,1862,True,20.294521,21.62365879700262
r9i1p1f1,1863,True,19.744892,21.543360862233087
r9i1p1f1,1864,True,20.060932,21.401579163556054
r9i1p1f1,1865,True,20.613419,21.6244609824279
r9i1p1f1,1866,True,21.98544,21.814911114684893
r9i1p1f1,1867,True,22.02836,21.355983385995227
r9i1p1f1,1868,True,21.333973,21.69312162604649
r9i1p1f1,1869,True,20.843634,21.619093661866447
r9i1p1f1,1870,True,21.358925,21.0185545121705
r9i1p1f1,1871,True,21.808308,20.661758002957068
r9i1p1f1,1872,True,23.069529,20.474021838433945
r9i1p1f1,1873,True,20.691381,20.878772132238037
r9i1p1f1,1874,True,21.285027,20.74734799772925
r9i1p1f1,1875,True,19.943287,21.20315114783078
r9i1p1f1,1876,True,20.321287,21.305851461138825
r9i1p1f1,1877,True,21.054525,21.15462290342441
r9i1p1f1,1878,True,21.460707,21.059313204634947
r9i1p1f1,1879,True,19.48521,21.61465850772828
r9i1p1f1,1880,True,18.302267,21.440803647216317
r9i1p1f1,1881,True,17.88912,21.38329818442179
r9i1p1f1,1882,True,19.590004,21.737946279450256
r9i1p1f1,1883,True,20.122145,21.781964514243494
r9i1p1f1,1884,True,20.692963,21.29665544449979
r9i1p1f1,1885,True,21.708633,21.041992889803065
r9i1p1f1,1886,True,21.620422,21.39091392723135
r9i1p1f1,1887,True,20.698494,21.553485231234358
r9i1p1f1,1888,True,21.296299,21.60187828522517
r9i1p1f1,1889,True,21.351875,21.74392068174485
r9i1p1f1,1890,True,22.149801,21.641758740507928
r9i1p1f1,1891,True,21.921915,21.306126505175083
r9i1p1f1,1892,True,21.303198,21.141635468048253
r9i1p1f1,1893,True,21.680569,21.173471027077873
r9i1p1f1,1894,True,20.622686,20.934863100812805
r9i1p1f1,1895,True,20.301065,21.370136516743827
r9i1p1f1,1896,True,20.302355,21.301721345647852
r9i1p1f1,1897,True,20.552855,21.119196258202745
r9i1p1f1,1898,True,20.704699,21.116815543697733
r9i1p1f1,1899,True,20.934603,20.689608559936385
r9i1p1f1,1900,True,20.469484,20.910454846978837
r9i1p1f1,1901,True,20.545132,21.232200530399954
r9i1p1f1,1902,True,21.867647,21.256936701532688
r9i1p1f1,1903,True,20.52772,21.10681650277777
r9i1p1f1,1904,True,21.980387,20.930306494438543
r9i1p1f1,1905,True,22.719452,21.201491626102115
r9i1p1f1,1906,True,22.27652,21.37871378080019
r9i1p1f1,1907,True,21.904415,21.903849967870098
r9i1p1f1,1908,True,22.521893,21.992268417382505
r9i1p1f1,1909,True,23.117655,21.713220760060487
r9i1p1f1,1910,True,22.456875,21.874022805144094
r9i1p1f1,1911,True,21.907087,21.788131967719156
r9i1p1f1,1912,True,23.752216,22.2359781619502
r9i1p1f1,1913,True,23.111618,22.721156067609375
r9i1p1f1,1914,True,22.698402,22.864671935662095
r9i1p1f1,1915,True,22.160477,22.695317716310324
r9i1p1f1,1916,True,21.02058,22.80454568331664
r9i1p1f1,1917,True,21.541805,22.326724968571735
r9i1p1f1,1918,True,21.748177,22.195258100239975
r9i1p1f1,1919,True,20.44297,22.066827204267256
r9i1p1f1,1920,True,20.06863,22.012069661084794
r9i1p1f1,1921,True,20.776266,22.20770900991974
r9i1p1f1,1922,True,20.148832,22.401161023917787
r9i1p1f1,1923,True,20.143028,22.066681489767237
r9i1p1f1,1924,True,20.405077,22.090598526059374
r9i1p1f1,1925,True,21.163292,21.754139584521585
r9i1p1f1,1926,True,22.635199,21.485252711161564
r9i1p1f1,1927,True,22.97353,21.662435075398484
r9i1p1f1,1928,True,21.821512,21.895169125405072
r9i1p1f1,1929,True,22.38274,21.70335858857656
r9i1p1f1,1930,True,21.962387,21.523939098001943
r9i1p1f1,1931,True,22.608093,21.356170535398473
r9i1p1f1,1932,True,22.878197,21.309441622497637
r9i1p1f1,1933,True,22.757288,21.72816443171585
r9i1p1f1,1934,True,21.978819,21.153312596893393
r9i1p1f1,1935,True,21.327883,20.808419714387355
r9i1p1f1,1936,True,20.799744,20.933084553820805
r9i1p1f1,1937,True,21.899796,21.237625405947806
r9i1p1f1,1938,True,22.538979,20.942702680877165
r9i1p1f1,1939,True,23.221735,21.060976129902475
r9i1p1f1,1940,True,22.508436,21.431214997834907
r9i1p1f1,1941,True,21.925346,21.518892519793642
r9i1p1f1,1942,True,21.742872,21.647950916992542
r9i1p1f1,1943,True,21.78571,21.717404976502078
r9i1p1f1,1944,True,22.77524,21.66556092208681
r9i1p1f1,1945,True,20.973858,21.001588473549084
r9i1p1f1,1946,True,20.575743,20.775409379247513
r9i1p1f1,1947,True,22.159967,21.235896710443434
r9i1p1f1,1948,True,23.070759,21.270644237160944
r9i1p1f1,1949,True,23.823715,21.31170762382358
r9i1p1f1,1950,True,22.027716,21.01556023304461
r9i1p1f1,1951,True,21.991726,21.146055346140606
r9i1p1f1,1952,True,22.55302,21.347761698150702
r9i1p1f1,1953,True,23.241575,21.44149573137974
r9i1p1f1,1954,True,22.03655,21.42339931342713
r9i1p1f1,1955,True,19.48115,21.39546465376436
r9i1p1f1,1956,True,19.371983,21.5323287327854
r9i1p1f1,1957,True,18.983465,21.70982843978149
r9i1p1f1,1958,True,20.45149,21.890089979433913
r9i1p1f1,1959,True,21.432335,21.93164772993687
r9i1p1f1,1960,True,21.690216,22.325502223074615
r9i1p1f1,1961,True,22.179346,22.236978402719444
r9i1p1f1,1962,True,21.432428,22.105998014697494
r9i1p1f1,1963,True,21.757368,22.579221842643946
r9i1p1f1,1964,True,22.22443,22.769032536492347
r9i1p1f1,1965,True,23.717787,22.746276843053582
r9i1p1f1,1966,True,24.249153,23.017101774010193
r9i1p1f1,1967,True,23.304825,22.903114861555373
r9i1p1f1,1968,True,23.029268,23.23926818143387
r9i1p1f1,1969,True,23.037355,23.29572703372221
r9i1p1f1,1970,True,23.622356,23.491510576926434
r9i1p1f1,1971,True,24.307482,23.41031229838812
r9i1p1f1,1972,True,24.401184,23.349642401137064
r9i1p1f1,1973,True,25.341383,23.640690325586597
r9i1p1f1,1974,True,24.8098,23.49717414220683
r9i1p1f1,1975,True,23.630623,23.77573607756523
r9i1p1f1,1976,True,22.642498,23.454720801210133
r9i1p1f1,1977,True,20.63568,23.285074942365565
r9i1p1f1,1978,True,21.934605,23.622775168158505
r9i1p1f1,1979,True,24.339724,23.564063248327056
r9i1p1f1,1980,True,23.396534,23.326343526231934
r9i1p1f1,1981,True,23.024815,23.08661967611601
r9i1p1f1,1982,True,23.118982,23.375094077934143
r9i1p1f1,1983,True,22.366913,23.27505948090208
r9i1p1f1,1984,True,23.193459,23.01251633607254
r9i1p1f1,1985,True,24.061533,23.692410044605303
r9i1p1f1,1986,True,25.858215,23.693013831237522
r9i1p1f1,1987,True,24.797365,23.591630534961304
r9i1p1f1,1988,True,22.116692,23.13767409386149
r9i1p1f1,1989,True,22.00307,22.71199211596301
